class,source,family,source_path,sha256,reason,kept_instead,detail
Brown Rust,mubashar,suhas,train/leaf_rust/1UJRRG.jpg,23e725c7acf421d20a7156a3864c35c8132a6e9d0585bfa2ee771dd2a602154f,exact_duplicate,mubashar/test/leaf_rust/2D0SXV.jpg,
Brown Rust,mubashar,suhas,train/leaf_rust/3YFH9A.jpg,a16ce1e328f547420f1779318ed3063c0c3bb95c985852f3d882b2ef92135834,exact_duplicate,mubashar/test/leaf_rust/507S26.jpg,
Brown Rust,mubashar,suhas,train/leaf_rust/66CDMF.jpg,c3cb4a1b72c9a834266d9c58d9f7d9900c388cd3c51095d4b2df93975725f311,exact_duplicate,mubashar/train/leaf_rust/3XB3N4.jpg,
Brown Rust,mubashar,suhas,train/leaf_rust/6MF7K3.jpg,d5ddaa8b33e586863156d17e3deb1ec4acd68c29bc8882a6005c169596210fb9,exact_duplicate,mubashar/train/leaf_rust/2EXVIL.jpg,
Brown Rust,mubashar,suhas,train/leaf_rust/91NL9S.jpg,4aaed9d05a2bb9213cb4601cbab4fefbfb50218816d605936d33615fe69166f4,exact_duplicate,mubashar/test/leaf_rust/HK3PHP.jpg,
Brown Rust,mubashar,suhas,train/leaf_rust/AH3RLW.jpg,d89a3652aea33b3b85497f4cf6924c0a532b5eb18240f4cb7cb0fa44edff531c,exact_duplicate,mubashar/test/leaf_rust/JRDHFM.jpg,
Brown Rust,mubashar,suhas,train/leaf_rust/AP1SAL.jpg,698f0711545efeeaa640caf7b67e1d035818466c9593206aac7a222809c9d387,exact_duplicate,mubashar/test/leaf_rust/CDGE8K.jpg,
Brown Rust,mubashar,suhas,train/leaf_rust/AQSNJV.jpg,2d9ce7543517089b75d5fb798e56b882f8ea706bb5b8919c9ba0cf11d4f672c6,exact_duplicate,mubashar/train/leaf_rust/1Z2P44.jpg,
Brown Rust,mubashar,suhas,train/leaf_rust/E8FCUS.jpg,1f4ba2b4ff3333a1376b5c5c55f369ed7937159f1ca7eeab159e1c7903bbc420,exact_duplicate,mubashar/train/leaf_rust/1BN9TC.jpg,
Brown Rust,mubashar,suhas,train/leaf_rust/EANNBM.jpg,2583ee2bdf226c7a1274517f5a05890af8cb4acfd45b9486e51cf75d492e62d1,exact_duplicate,mubashar/train/leaf_rust/6S29JV.jpg,
Brown Rust,mubashar,suhas,train/leaf_rust/ETPVUI.jpg,d8e4d0eed6d3881b2b187aff6ca147919d25ec051c191aebe9e0c196dfe57a1a,exact_duplicate,mubashar/test/leaf_rust/U79ACG.jpg,
Brown Rust,mubashar,suhas,train/leaf_rust/GCQPB4.jpg,68bc4c3bcee35aaa63181d0fa18aa7ff7375138d32e4c203368d924929e5aa44,exact_duplicate,mubashar/train/leaf_rust/6JRBHF.jpg,
Brown Rust,mubashar,suhas,train/leaf_rust/GUOSF7.jpg,36fcbfd6edaca41583e50ac722a57d72bc13f95c1e266cdf1953dbdddc6905a0,exact_duplicate,mubashar/train/leaf_rust/GIYV8B.jpg,
Brown Rust,mubashar,suhas,train/leaf_rust/H01KY9.jpg,dfe00f19e5297abdc16f6d5192d0e7568bf89f424b2f35bef07508363bcaedbb,exact_duplicate,mubashar/train/leaf_rust/9R24TP.jpg,
Brown Rust,mubashar,suhas,train/leaf_rust/HIYN7I.jpg,d8e4d0eed6d3881b2b187aff6ca147919d25ec051c191aebe9e0c196dfe57a1a,exact_duplicate,mubashar/test/leaf_rust/U79ACG.jpg,
Brown Rust,mubashar,suhas,train/leaf_rust/IE6C1W.jpg,8dd0351aac37d497091efe95fab3707c9ade8863c8da3631ee98a9e864679ea0,exact_duplicate,mubashar/train/leaf_rust/46GW2Y.jpg,
Brown Rust,mubashar,suhas,train/leaf_rust/MGW6KB.jpg,2cf9cf72e4b5a41710a03aae48c377edee84087cbb43c74174a3994823f06ef2,exact_duplicate,mubashar/test/leaf_rust/UTUIN4.jpg,
Brown Rust,mubashar,suhas,train/leaf_rust/MRCH2D.jpg,efd7663caf13a4e35204aaefa6bf68627e8bb4cc9af2df83b18a7575f94f06f6,exact_duplicate,mubashar/train/leaf_rust/0ZMQRS.jpg,
Brown Rust,mubashar,suhas,train/leaf_rust/NSG1IH.jpg,7ff303333533f54f400135fc8b8bc5d7a7ffb1931b7c429f5334aef5c92f1f12,exact_duplicate,mubashar/test/leaf_rust/YNVMI7.jpg,
Brown Rust,mubashar,suhas,train/leaf_rust/OW5KPJ.jpg,7a6609ea26488813e429cdd11c883333dcc626398cf0b974c819f216812b269a,exact_duplicate,mubashar/test/leaf_rust/6BZC85.jpg,
Brown Rust,mubashar,suhas,train/leaf_rust/P147BO.jpg,0590ca11fb8eb6e60b9ba57a6ba542ebd9023856d2e3e743a5f69ad4a11d418e,exact_duplicate,mubashar/test/leaf_rust/W6DPGR.jpg,
Brown Rust,mubashar,suhas,train/leaf_rust/PCMZC6.jpg,e553df4cb8dc273db697e5166bb947789c7f200c67748fa8bbd704f3a4bf981b,exact_duplicate,mubashar/train/leaf_rust/93ML3M.jpg,
Brown Rust,mubashar,suhas,train/leaf_rust/PE7CXT.jpg,72795a6f63b62b134d5f91ac5e197531226939ba40a0a084602e1b3df8be17f9,exact_duplicate,mubashar/train/leaf_rust/5C3950.jpg,
Brown Rust,mubashar,suhas,train/leaf_rust/QJY255.jpg,743fd5cb8bf0b8236e1563b401f81693d32794036f258065546f39bd35d3e5de,exact_duplicate,mubashar/train/leaf_rust/Q5Z10Q.jpg,
Brown Rust,mubashar,suhas,train/leaf_rust/QLWL6Y.jpg,3c53434643b144d290929b28a7a1de9614fe9132a52ff983f0420ca148d6c63e,exact_duplicate,mubashar/train/leaf_rust/JHKU1U.jpg,
Brown Rust,mubashar,suhas,train/leaf_rust/QNSLVT.jpg,bcdd6432d0c73ee4b2e46f481e99c7c8c6aa36f6957570058dd72194a9bc1625,exact_duplicate,mubashar/train/leaf_rust/8Q4V5Y.jpg,
Brown Rust,mubashar,suhas,train/leaf_rust/SFGBTU.jpg,3f47942725ed6c65aeea08c9caf88126ce1cac28b2c1fc2292ccfd7e6be58be5,exact_duplicate,mubashar/train/leaf_rust/2ECI4X.jpg,
Brown Rust,mubashar,suhas,train/leaf_rust/SI3VZW.jpg,4958a0ad01418ada6220245e43296962ba5f7e5a226723d2f30809b0f8dc2ba0,exact_duplicate,mubashar/train/leaf_rust/AERDW6.jpg,
Brown Rust,mubashar,suhas,train/leaf_rust/SJSVO0.jpg,9d33c727529ac4ad9bbdf540fc0a351654a9a7fd05feb9a09bf9050aa2ac2115,exact_duplicate,mubashar/train/leaf_rust/I55RPY.jpg,
Brown Rust,mubashar,suhas,train/leaf_rust/TEWXBG.jpg,abb0fd86187055e779543f8bbce053ec3f372c1e4d2197ab5e33a166e504f70f,exact_duplicate,mubashar/train/leaf_rust/6LDDZP.jpg,
Brown Rust,mubashar,suhas,train/leaf_rust/UL35NF.jpg,ede8e1f7ec66d4379df0a83a78a1d414a08aca87b8e05d6565115727eacc1260,exact_duplicate,mubashar/test/leaf_rust/V35M9N.jpg,
Brown Rust,mubashar,suhas,train/leaf_rust/VY0ZOQ.jpg,cce64eb13350c3cb1a0fbdd874be9bcd04f12517f5f13b6818f16bb1504b6362,exact_duplicate,mubashar/train/leaf_rust/D65OG9.jpg,
Brown Rust,mubashar,suhas,train/leaf_rust/W56FTE.jpg,91d31b7766a67480b20789d9a1ea49b5bfbbc4b76a8c292a2ddfb09c2a3cd469,exact_duplicate,mubashar/test/leaf_rust/RSZ63C.jpg,
Brown Rust,mubashar,suhas,train/leaf_rust/WI3HNQ.jpg,a02ed7794b9a3c69f5a539e4282280ef3dc5d21904d88f11ae10fddea771fd5a,exact_duplicate,mubashar/train/leaf_rust/B979CG.jpg,
Brown Rust,mubashar,suhas,train/leaf_rust/WO1JVR.jpg,d4df019513b1e42646069272aa53e1a541b81dd17d24db4355842c2f7162090e,exact_duplicate,mubashar/train/leaf_rust/1EJACP.jpg,
Brown Rust,mubashar,suhas,train/leaf_rust/X7VO5R.jpg,2eafaa6ae38426cc656e8d713ada6d018a5510a65f87d7a098c529a506f79a3e,exact_duplicate,mubashar/train/leaf_rust/D13IJI.jpg,
Brown Rust,mubashar,suhas,train/leaf_rust/XIDT40.jpg,c2716184957d31cf495e5a66376f58d46537a99bcd17cfe2749b3252b25c5b0f,exact_duplicate,mubashar/train/leaf_rust/LIJGDQ.jpg,
Brown Rust,mubashar,suhas,train/leaf_rust/XL8JYZ.jpg,2979943d5424e787a69987b2ecabd33eeff8026e93219a54f435186e70acb3d4,exact_duplicate,mubashar/train/leaf_rust/1DV8YN.jpg,
Brown Rust,mubashar,suhas,train/leaf_rust/YD3U5Q.jpg,42a25d11ece05f1901351928cf27fb603656f0cf3689e2c384c25c9e1763c01c,exact_duplicate,mubashar/train/leaf_rust/NA5H5U.jpg,
Brown Rust,mubashar,suhas,train/leaf_rust/ZZFXJM.jpg,66c0cba24bda80d275798bff6922eee492aa511c96fc6096381bf834cce2a84c,exact_duplicate,mubashar/train/leaf_rust/M6X1CL.jpg,
Brown Rust,suhas,suhas,Images/Leaf Rust/00091.jpg,6891ba4cbf026571e7d09db2619737565194b21ecc7fec62cfe8e2feaa2ed627,exact_duplicate,suhas/Images/Leaf Rust/00011.jpg,
Brown Rust,suhas,suhas,Images/Leaf Rust/00311.png,c2f26e53978a451c36f64fd1dc2eaffba2c74102ceac647f328cad24affa81c7,exact_duplicate,suhas/Images/Leaf Rust/00031.png,
Brown Rust,suhas,suhas,Images/Leaf Rust/00321.JPG,4f65e1be826a2fb12a6461530a5c3c78c4d32fee2b33f99bdd738665cc48d755,exact_duplicate,suhas/Images/Leaf Rust/00251.JPG,
Brown Rust,suhas,suhas,Images/Leaf Rust/00421.jpg,aee38a790c51fa28bf73a2c8bb6dabadf7ebdbdfacaca70b997d9d6b77067b27,exact_duplicate,suhas/Images/Leaf Rust/00041.jpg,
Brown Rust,suhas,suhas,Images/Leaf Rust/0051.JPG,48353fc318bdbb39f72802eeb17f7c06a81f0d8f43bab14362fda226449283d1,exact_duplicate,suhas/Images/Leaf Rust/00051.JPG,
Brown Rust,suhas,suhas,Images/Leaf Rust/00541.JPG,20f3bf82ff355f80cda6e59bd609a4391f8c83ed60c687df9c7200ad3f52f330,exact_duplicate,suhas/Images/Leaf Rust/00461.JPG,
Brown Rust,suhas,suhas,Images/Leaf Rust/00641.jpg,8dc813671955ce33267b6803e8ca23d75a0254ff3271d620f86bb717461f266e,exact_duplicate,suhas/Images/Leaf Rust/00061.jpg,
Brown Rust,suhas,suhas,Images/Leaf Rust/00681.JPG,4dcf69e7c5d975139c61ff61d24532b86c7aa918d3531ec2184f9e9bd0e4c809,exact_duplicate,suhas/Images/Leaf Rust/00451.JPG,
Brown Rust,suhas,suhas,Images/Leaf Rust/0071.jpg,19d63af06232cb6b78aa3017c172c57cc88db2951559bce4d8795d5763379287,exact_duplicate,suhas/Images/Leaf Rust/00071.jpg,
Brown Rust,suhas,suhas,Images/Leaf Rust/00741.jpg,78822b01bb2af310c055f8ef38a947657691f6974e94a1b3baf24f527c71963c,exact_duplicate,suhas/Images/Leaf Rust/00341.jpg,
Brown Rust,suhas,suhas,Images/Leaf Rust/00791.jpg,6891ba4cbf026571e7d09db2619737565194b21ecc7fec62cfe8e2feaa2ed627,exact_duplicate,suhas/Images/Leaf Rust/00011.jpg,
Brown Rust,suhas,suhas,Images/Leaf Rust/00971.png,c708ac96d32ef3aef4f0a4b9c025f7d3d999c5e12800c5d7a884f6b07c6d5834,exact_duplicate,suhas/Images/Leaf Rust/00101.png,
Brown Rust,suhas,suhas,Images/Leaf Rust/01081.jpg,2579e239989590efe036c9f7f5a15f698776794678a75eda6a0e2f6085004311,exact_duplicate,suhas/Images/Leaf Rust/00111.jpg,
Brown Rust,suhas,suhas,Images/Leaf Rust/0111.jpg,78e8a0c8ed5587520401f87652f66d1721b8f9f0f901659c555060bfae8ba93e,exact_duplicate,suhas/Images/Leaf Rust/00121.jpg,
Brown Rust,suhas,suhas,Images/Leaf Rust/01191.jpg,c535c0a8fc34c4023dd18ddae15753e2426ccc032992fbe7c85af3847acdd955,exact_duplicate,suhas/Images/Leaf Rust/00271.jpg,
Brown Rust,suhas,suhas,Images/Leaf Rust/01301.jpg,a0add8361dba8ad65becd87ffae17cb7922fdbfd0072a806337b2367b79285e5,exact_duplicate,suhas/Images/Leaf Rust/00131.jpg,
Brown Rust,suhas,suhas,Images/Leaf Rust/0131.jpg,17635ce0d407e7916a2e2210dc9655c255274d7f61a61d407fe59b530117bb53,exact_duplicate,suhas/Images/Leaf Rust/00141.jpg,
Brown Rust,suhas,suhas,Images/Leaf Rust/0141.JPG,fe32ff62d4c8371d437bab2473b9d4ce45046227180aa443a31d31ab71d98b36,exact_duplicate,suhas/Images/Leaf Rust/00151.JPG,
Brown Rust,suhas,suhas,Images/Leaf Rust/01481.JPG,96d7c078aaa8d55a7fb11a1d6732334dc699c428db4056dae150a38b9acd77ac,exact_duplicate,suhas/Images/Leaf Rust/01181.JPG,
Brown Rust,suhas,suhas,Images/Leaf Rust/0161.JPG,fc3b11f523c9a7e73a28e3bc8722ef67d88c9e113088d2f311164ad4dd18969d,exact_duplicate,suhas/Images/Leaf Rust/00171.JPG,
Brown Rust,suhas,suhas,Images/Leaf Rust/0171.JPG,e4dd7f535d5be6757477972b1834ece59bd40486ee347e0b0a2090b3ed34e393,exact_duplicate,suhas/Images/Leaf Rust/00181.JPG,
Brown Rust,suhas,suhas,Images/Leaf Rust/01771.jpg,e8c4aef86a24dc0db89c9864c202c9b9af584e7e4c0f26d8623c8ef2bc4ecfaa,exact_duplicate,suhas/Images/Leaf Rust/00581.jpg,
Brown Rust,suhas,suhas,Images/Leaf Rust/0181.jpg,33576b3d1f107ed0ffdf147295c86e606bdc5685cc39b357996664466add3ef4,exact_duplicate,suhas/Images/Leaf Rust/00191.jpg,
Brown Rust,suhas,suhas,Images/Leaf Rust/01891.JPG,fe32ff62d4c8371d437bab2473b9d4ce45046227180aa443a31d31ab71d98b36,exact_duplicate,suhas/Images/Leaf Rust/00151.JPG,
Brown Rust,suhas,suhas,Images/Leaf Rust/01901.JPG,72a3351d6a02a124832d7346b475e13e4cfb9105e5546c410adeccdc10241c98,exact_duplicate,suhas/Images/Leaf Rust/00761.JPG,
Brown Rust,suhas,suhas,Images/Leaf Rust/02131.jpg,d8ec306326dfafd728f83b36f2abd2f5745de7ac2336c844e0822ed13234e461,exact_duplicate,suhas/Images/Leaf Rust/00711.jpg,
Brown Rust,suhas,suhas,Images/Leaf Rust/02141.jpg,78822b01bb2af310c055f8ef38a947657691f6974e94a1b3baf24f527c71963c,exact_duplicate,suhas/Images/Leaf Rust/00341.jpg,
Brown Rust,suhas,suhas,Images/Leaf Rust/02181.jpg,29da5fe5fa7ed5db0b1f7a50ff24bd973b0266b97b4a9d59b94dba0d716b85b7,exact_duplicate,suhas/Images/Leaf Rust/00221.jpg,
Brown Rust,suhas,suhas,Images/Leaf Rust/02461.JPG,fd9ecff08a5b78a5b042b6a83b499e2d1aec526880da4be06ba7ae30e33ed644,exact_duplicate,suhas/Images/Leaf Rust/01151.JPG,
Brown Rust,suhas,suhas,Images/Leaf Rust/02511.JPG,4f65e1be826a2fb12a6461530a5c3c78c4d32fee2b33f99bdd738665cc48d755,exact_duplicate,suhas/Images/Leaf Rust/00251.JPG,
Brown Rust,suhas,suhas,Images/Leaf Rust/02531.JPG,1043a23d53a198b1d2337277cb4d0266c9a8136fa24f48eff97bd7662f60c796,exact_duplicate,suhas/Images/Leaf Rust/01011.JPG,
Brown Rust,suhas,suhas,Images/Leaf Rust/02611.jpg,89d2c83c441cc364d85651b42bc43cd4c67b234a24f8b202382d56243cabddc7,exact_duplicate,suhas/Images/Leaf Rust/00471.jpg,
Brown Rust,suhas,suhas,Images/Leaf Rust/02621.jpg,655b898843eb62dfbc8eb8c72f6d1d5ce4a35b8017cab50d0cf5335a41431404,exact_duplicate,suhas/Images/Leaf Rust/00261.jpg,
Brown Rust,suhas,suhas,Images/Leaf Rust/0271.jpg,bcd60191c9bcabf7d66fbbf36c2450c7231cf22b3853f421f2406b240a0ceedd,exact_duplicate,suhas/Images/Leaf Rust/00291.jpg,
Brown Rust,suhas,suhas,Images/Leaf Rust/02731.jpg,c535c0a8fc34c4023dd18ddae15753e2426ccc032992fbe7c85af3847acdd955,exact_duplicate,suhas/Images/Leaf Rust/00271.jpg,
Brown Rust,suhas,suhas,Images/Leaf Rust/02901.jpeg,d36a1741b758c5fc46777070ed506828ad7a62b0dcfd6acebe2f3515af24a5b3,exact_duplicate,suhas/Images/Leaf Rust/01801.jpeg,
Brown Rust,suhas,suhas,Images/Leaf Rust/0291.JPG,4f65e1be826a2fb12a6461530a5c3c78c4d32fee2b33f99bdd738665cc48d755,exact_duplicate,suhas/Images/Leaf Rust/00251.JPG,
Brown Rust,suhas,suhas,Images/Leaf Rust/03211.jpg,78822b01bb2af310c055f8ef38a947657691f6974e94a1b3baf24f527c71963c,exact_duplicate,suhas/Images/Leaf Rust/00341.jpg,
Brown Rust,suhas,suhas,Images/Leaf Rust/0331.JPG,316180a3812465edd465cdcb244f1ba2fe74e0033b104a36baaeb37cf081b707,exact_duplicate,suhas/Images/Leaf Rust/00361.JPG,
Brown Rust,suhas,suhas,Images/Leaf Rust/03671.jpg,54960df558ba2f078ef9827fc2ffd65583505a41e8c957d3cd1a066718ce6afe,exact_duplicate,suhas/Images/Leaf Rust/00411.jpg,
Brown Rust,suhas,suhas,Images/Leaf Rust/04111.JPG,4dcf69e7c5d975139c61ff61d24532b86c7aa918d3531ec2184f9e9bd0e4c809,exact_duplicate,suhas/Images/Leaf Rust/00451.JPG,
Brown Rust,suhas,suhas,Images/Leaf Rust/04211.JPG,20f3bf82ff355f80cda6e59bd609a4391f8c83ed60c687df9c7200ad3f52f330,exact_duplicate,suhas/Images/Leaf Rust/00461.JPG,
Brown Rust,suhas,suhas,Images/Leaf Rust/04271.jpg,89d2c83c441cc364d85651b42bc43cd4c67b234a24f8b202382d56243cabddc7,exact_duplicate,suhas/Images/Leaf Rust/00471.jpg,
Brown Rust,suhas,suhas,Images/Leaf Rust/04351.jpg,e31e3264608ca4377fdae9ac8fa029078e4a83569a9537d2cc5a6ced15c5d7e3,exact_duplicate,suhas/Images/Leaf Rust/00481.jpg,
Brown Rust,suhas,suhas,Images/Leaf Rust/04411.JPG,90f0406c1035019eb9d1c84669503fa1fc6adc8a0933af001b53f496c462ac81,exact_duplicate,suhas/Images/Leaf Rust/00511.JPG,
Brown Rust,suhas,suhas,Images/Leaf Rust/04421.jpg,cf6125705b6c72acbb9445ec1b649a75f013bebf48d15d41cd1a82e6e5a80328,exact_duplicate,suhas/Images/Leaf Rust/00501.jpg,
Brown Rust,suhas,suhas,Images/Leaf Rust/04441.jpg,d6767b488ea784977cd375fcceb130a1e7b46c0e781b8f95a1825d8f6f0d4b99,exact_duplicate,suhas/Images/Leaf Rust/00521.jpg,
Brown Rust,suhas,suhas,Images/Leaf Rust/04451.jpg,1ae7e41d330adaf033dc02fea12c4353c1d41a6d19a8c9188dc86e8011939f38,exact_duplicate,suhas/Images/Leaf Rust/00561.jpg,
Brown Rust,suhas,suhas,Images/Leaf Rust/04461.JPG,20f3bf82ff355f80cda6e59bd609a4391f8c83ed60c687df9c7200ad3f52f330,exact_duplicate,suhas/Images/Leaf Rust/00461.JPG,
Brown Rust,suhas,suhas,Images/Leaf Rust/04481.jpg,e8c4aef86a24dc0db89c9864c202c9b9af584e7e4c0f26d8623c8ef2bc4ecfaa,exact_duplicate,suhas/Images/Leaf Rust/00581.jpg,
Brown Rust,suhas,suhas,Images/Leaf Rust/04651.jpg,4d89038aa0bcd8aacbd9e3594b14b4c9396971c6cf687421af6956cffb60999d,exact_duplicate,suhas/Images/Leaf Rust/00571.jpg,
Brown Rust,suhas,suhas,Images/Leaf Rust/04681.jpg,ab3fe7bb781e8efa58a69d278a83ba6277a3d30a0abf746f8b6639f451bb23c6,exact_duplicate,suhas/Images/Leaf Rust/00631.jpg,
Brown Rust,suhas,suhas,Images/Leaf Rust/04691.jpg,4b2498ed011e3c0d2ac9c17eb7e27f028b8be229f958c4a461231b60696def73,exact_duplicate,suhas/Images/Leaf Rust/00611.jpg,
Brown Rust,suhas,suhas,Images/Leaf Rust/04981.jpg,76a0e60e53c34884b848202d919a9dc0563d2447eae12b23f84c873fcf225e94,exact_duplicate,suhas/Images/Leaf Rust/00651.jpg,
Brown Rust,suhas,suhas,Images/Leaf Rust/05091.JPG,78f39e47cb4da4edc555c73470f3b102283ab1b383636608b199c6cb9be67fbc,exact_duplicate,suhas/Images/Leaf Rust/00701.JPG,
Brown Rust,suhas,suhas,Images/Leaf Rust/05311.JPG,4dcf69e7c5d975139c61ff61d24532b86c7aa918d3531ec2184f9e9bd0e4c809,exact_duplicate,suhas/Images/Leaf Rust/00451.JPG,
Brown Rust,suhas,suhas,Images/Leaf Rust/05421.JPG,3c8fecd18b2873da65106d70fd81c4c085f0f2a0822a4dee1405f52d9b02d54d,exact_duplicate,suhas/Images/Leaf Rust/00731.JPG,
Brown Rust,suhas,suhas,Images/Leaf Rust/05631.JPG,f728c634a01925b13ca3d16be372fa76ddde8471b14b0740481d7acdfe8c93c2,exact_duplicate,suhas/Images/Leaf Rust/01141.JPG,
Brown Rust,suhas,suhas,Images/Leaf Rust/05641.jpg,d8ec306326dfafd728f83b36f2abd2f5745de7ac2336c844e0822ed13234e461,exact_duplicate,suhas/Images/Leaf Rust/00711.jpg,
Brown Rust,suhas,suhas,Images/Leaf Rust/05681.jpg,ca1bf9d9b803162a2a32cb08d3a6d9b236331e0968fac596d314766d1274730d,exact_duplicate,suhas/Images/Leaf Rust/02031.jpg,
Brown Rust,suhas,suhas,Images/Leaf Rust/05751.JPG,39269137257a6de2e9a1fba5fe60c5c198951f1645da58b69115af73af527a19,exact_duplicate,suhas/Images/Leaf Rust/00771.JPG,
Brown Rust,suhas,suhas,Images/Leaf Rust/05861.png,746a09ca26aa7c80cc174785cff7d94c38da0088d3bab0023ab7ffd71bf8f58e,exact_duplicate,suhas/Images/Leaf Rust/00781.png,
Brown Rust,suhas,suhas,Images/Leaf Rust/05901.jpg,601de27599ae0cdef69666991c26a1d0e0a44d4490742319c4ce39c658140d22,exact_duplicate,suhas/Images/Leaf Rust/01701.jpg,
Brown Rust,suhas,suhas,Images/Leaf Rust/05971.jpg,78822b01bb2af310c055f8ef38a947657691f6974e94a1b3baf24f527c71963c,exact_duplicate,suhas/Images/Leaf Rust/00341.jpg,
Brown Rust,suhas,suhas,Images/Leaf Rust/06011.jpg,19d63af06232cb6b78aa3017c172c57cc88db2951559bce4d8795d5763379287,exact_duplicate,suhas/Images/Leaf Rust/00071.jpg,
Brown Rust,suhas,suhas,Images/Leaf Rust/06081.jpg,09b9bc2ade1259b008327361027449916adaa291a94fac57b078f0eb704fea8b,exact_duplicate,suhas/Images/Leaf Rust/00801.jpg,
Brown Rust,suhas,suhas,Images/Leaf Rust/06191.JPG,72a3351d6a02a124832d7346b475e13e4cfb9105e5546c410adeccdc10241c98,exact_duplicate,suhas/Images/Leaf Rust/00761.JPG,
Brown Rust,suhas,suhas,Images/Leaf Rust/06261.jpg,8dc813671955ce33267b6803e8ca23d75a0254ff3271d620f86bb717461f266e,exact_duplicate,suhas/Images/Leaf Rust/00061.jpg,
Brown Rust,suhas,suhas,Images/Leaf Rust/06391.JPG,44af313bf655178b79cd69c538a6c0f4527ab8633ce9bfac21852e708dff6fb4,exact_duplicate,suhas/Images/Leaf Rust/00831.JPG,
Brown Rust,suhas,suhas,Images/Leaf Rust/06421.jpg,17231dbe0c978009e161280d011684ca4520df1fb0fa2e595c63cc132eb523bb,exact_duplicate,suhas/Images/Leaf Rust/02021.jpg,
Brown Rust,suhas,suhas,Images/Leaf Rust/06461.JPG,3c8fecd18b2873da65106d70fd81c4c085f0f2a0822a4dee1405f52d9b02d54d,exact_duplicate,suhas/Images/Leaf Rust/00731.JPG,
Brown Rust,suhas,suhas,Images/Leaf Rust/06471.jpg,16e54c44d4b107e83e6ed3c10ba6e699055f9d09ef555fddd0d78014419af42e,exact_duplicate,suhas/Images/Leaf Rust/01051.jpg,
Brown Rust,suhas,suhas,Images/Leaf Rust/06501.jpg,6891ba4cbf026571e7d09db2619737565194b21ecc7fec62cfe8e2feaa2ed627,exact_duplicate,suhas/Images/Leaf Rust/00011.jpg,
Brown Rust,suhas,suhas,Images/Leaf Rust/06541.jpg,11c56e211ec1805f754edbd46755e0b3f9bdd222e3d9dd5e8020bfabbb744379,exact_duplicate,suhas/Images/Leaf Rust/01031.jpg,
Brown Rust,suhas,suhas,Images/Leaf Rust/06601.png,962e868cfe75231a5f7c628d6e0f86645d9fad98ad888e0f577264e860cbac7b,exact_duplicate,suhas/Images/Leaf Rust/00851.png,
Brown Rust,suhas,suhas,Images/Leaf Rust/06611.png,962e868cfe75231a5f7c628d6e0f86645d9fad98ad888e0f577264e860cbac7b,exact_duplicate,suhas/Images/Leaf Rust/00851.png,
Brown Rust,suhas,suhas,Images/Leaf Rust/06711.jpg,73967e62c7f717da8bdb301c97031377fa70867d34021f9fe8e115128a6087da,exact_duplicate,suhas/Images/Leaf Rust/00871.jpg,
Brown Rust,suhas,suhas,Images/Leaf Rust/06721.jpg,5b6ae6f2c74cdc0c7c57b0cd8cf83381afece137098acbb77bb404675b10d4cb,exact_duplicate,suhas/Images/Leaf Rust/05871.jpg,
Brown Rust,suhas,suhas,Images/Leaf Rust/06751.jpg,93f966c0bad7038ea9c1f074c5d8645435bec622dc48edd7183e12c6817774e2,exact_duplicate,suhas/Images/Leaf Rust/05621.jpg,
Brown Rust,suhas,suhas,Images/Leaf Rust/06781.jpg,1f10affa6c11a83aca9015d9a3a71f0019d8bcb5bd90fd343814ec74d61d91a1,exact_duplicate,suhas/Images/Leaf Rust/00971.jpg,
Brown Rust,suhas,suhas,Images/Leaf Rust/07041.jpg,dfb8bebd5a991e2162faf5a897a1f2b32d009a74c5e344808f28d3a891eaba4b,exact_duplicate,suhas/Images/Leaf Rust/00841.jpg,
Brown Rust,suhas,suhas,Images/Leaf Rust/07081.jpg,f9ca3f000897d2767e711570124ffedcc7589e752e50ddf7a7c925751e1ca873,exact_duplicate,suhas/Images/Leaf Rust/01101.jpg,
Brown Rust,suhas,suhas,Images/Leaf Rust/07091.JPG,1643e7c8b94f7c4634cb19700404e8b3b04dfbcd99ab8f70727080572796495f,exact_duplicate,suhas/Images/Leaf Rust/02571.JPG,
Brown Rust,suhas,suhas,Images/Leaf Rust/07491.JPG,39269137257a6de2e9a1fba5fe60c5c198951f1645da58b69115af73af527a19,exact_duplicate,suhas/Images/Leaf Rust/00771.JPG,
Brown Rust,suhas,suhas,Images/Leaf Rust/07571.JPG,012888e4941e09fbbedff9ad9fdd6b2caa97b055e4dfe1136a62f8552563cfe0,exact_duplicate,suhas/Images/Leaf Rust/06241.JPG,
Brown Rust,suhas,suhas,Images/Leaf Rust/07661.JPG,bad0a73851fd7fe8ab5e52ee9b8e108c7b2f95bf7c54957ccd33702d6accf670,exact_duplicate,suhas/Images/Leaf Rust/01731.JPG,
Brown Rust,suhas,suhas,Images/Leaf Rust/07691.JPG,9f9a930dd354f4939c40cd79d0a4b9ca0529d23f788f6eb9536826a329bb6e6d,exact_duplicate,suhas/Images/Leaf Rust/00961.JPG,
Brown Rust,suhas,suhas,Images/Leaf Rust/07711.JPG,50366012ebcfa8f93c84de3b1298341102e5cc829f056eb808777b00856dd003,exact_duplicate,suhas/Images/Leaf Rust/06911.JPG,
Brown Rust,suhas,suhas,Images/Leaf Rust/07721.JPG,6a4b65cb4669acbce3ef7d99839b3fe4383851d84317699eac1ecfdc633be02d,exact_duplicate,suhas/Images/Leaf Rust/06481.JPG,
Brown Rust,suhas,suhas,Images/Leaf Rust/08461.jpg,1f10affa6c11a83aca9015d9a3a71f0019d8bcb5bd90fd343814ec74d61d91a1,exact_duplicate,suhas/Images/Leaf Rust/00971.jpg,
Brown Rust,suhas,suhas,Images/Leaf Rust/08721.jpg,0c4e9747ae73316dd87e02ebde55cf31b726afe31401c99726d2d54ffd3a5a5e,exact_duplicate,suhas/Images/Leaf Rust/01321.jpg,
Brown Rust,suhas,suhas,Images/Leaf Rust/08751.JPG,fc3b11f523c9a7e73a28e3bc8722ef67d88c9e113088d2f311164ad4dd18969d,exact_duplicate,suhas/Images/Leaf Rust/00171.JPG,
Brown Rust,suhas,suhas,Images/Leaf Rust/08781.JPG,5039d38d81fd5f90d85d0c4f416cc5b56d1b4d2d183f908d761a3cbef0a5e0fe,exact_duplicate,suhas/Images/Leaf Rust/01001.JPG,
Brown Rust,suhas,suhas,Images/Leaf Rust/08861.JPG,ca2ddce5a7513448a2c6391e3683ba8d264c20e896b1a030bf12faf67c4518ea,exact_duplicate,suhas/Images/Leaf Rust/05951.JPG,
Brown Rust,suhas,suhas,Images/Leaf Rust/08891.JPG,1043a23d53a198b1d2337277cb4d0266c9a8136fa24f48eff97bd7662f60c796,exact_duplicate,suhas/Images/Leaf Rust/01011.JPG,
Brown Rust,suhas,suhas,Images/Leaf Rust/08951.jpg,31fcb2ab3d51a988ab3cb22e20be5d46853adad8bcc7de3f0f52cdbe964efaa7,exact_duplicate,suhas/Images/Leaf Rust/05831.jpg,
Brown Rust,suhas,suhas,Images/Leaf Rust/08961.jpg,d8d52da1fe238da3165d98d0739df627c95466580b6c6bd5a17db546f446cfbc,exact_duplicate,suhas/Images/Leaf Rust/06351.jpg,
Brown Rust,suhas,suhas,Images/Leaf Rust/08981.jpg,637cee723e60292a35ad2e5409295392534eb91b27511ac900d017ff09a1c3b5,exact_duplicate,suhas/Images/Leaf Rust/06381.jpg,
Brown Rust,suhas,suhas,Images/Leaf Rust/09061.jpg,d0b061547520c0c5fe9a51ade1979347b5aed539a5a38d7771a19fa7973b60fa,exact_duplicate,suhas/Images/Leaf Rust/07221.jpg,
Brown Rust,suhas,suhas,Images/Leaf Rust/09111.jpg,11c56e211ec1805f754edbd46755e0b3f9bdd222e3d9dd5e8020bfabbb744379,exact_duplicate,suhas/Images/Leaf Rust/01031.jpg,
Brown Rust,suhas,suhas,Images/Leaf Rust/09131.jpg,4d530205f02c9e9686d5be796d70953f997182e2a114264a992e19f2c4ba66f3,exact_duplicate,suhas/Images/Leaf Rust/01041.jpg,
Brown Rust,suhas,suhas,Images/Leaf Rust/09141.jpg,16e54c44d4b107e83e6ed3c10ba6e699055f9d09ef555fddd0d78014419af42e,exact_duplicate,suhas/Images/Leaf Rust/01051.jpg,
Brown Rust,suhas,suhas,Images/Leaf Rust/09161.JPG,fd9ecff08a5b78a5b042b6a83b499e2d1aec526880da4be06ba7ae30e33ed644,exact_duplicate,suhas/Images/Leaf Rust/01151.JPG,
Brown Rust,suhas,suhas,Images/Leaf Rust/09181.jpg,c43234ac0acb5c157b9468210697897e2b7512c91b5759207bf985b752e2c49d,exact_duplicate,suhas/Images/Leaf Rust/01171.jpg,
Brown Rust,suhas,suhas,Images/Leaf Rust/09191.jpg,f9ca3f000897d2767e711570124ffedcc7589e752e50ddf7a7c925751e1ca873,exact_duplicate,suhas/Images/Leaf Rust/01101.jpg,
Brown Rust,suhas,suhas,Images/Leaf Rust/09201.JPG,e794751030c49a03675155b0cf5e3adf032eaa147037e0effb5071c84a315b7c,exact_duplicate,suhas/Images/Leaf Rust/01201.JPG,
Brown Rust,suhas,suhas,Images/Leaf Rust/09211.jpg,a5eed9eeddc0f283d0150793f47eedbdb362decd3f67b83d3cce071e7a0f7d1a,exact_duplicate,suhas/Images/Leaf Rust/01211.jpg,
Brown Rust,suhas,suhas,Images/Leaf Rust/09221.jpg,a466716fc486e550a3d24e145125ef3b36136f39baa7e6b20fea9a8a0e9cda3e,exact_duplicate,suhas/Images/Leaf Rust/01131.jpg,
Brown Rust,suhas,suhas,Images/Leaf Rust/09231.JPG,f728c634a01925b13ca3d16be372fa76ddde8471b14b0740481d7acdfe8c93c2,exact_duplicate,suhas/Images/Leaf Rust/01141.JPG,
Brown Rust,suhas,suhas,Images/Leaf Rust/09241.png,34d43387705368ac444c879e4234db7aab940a44b8ee90158604beee23b5610b,exact_duplicate,suhas/Images/Leaf Rust/01241.png,
Brown Rust,suhas,suhas,Images/Leaf Rust/09271.JPG,96d7c078aaa8d55a7fb11a1d6732334dc699c428db4056dae150a38b9acd77ac,exact_duplicate,suhas/Images/Leaf Rust/01181.JPG,
Brown Rust,suhas,suhas,Images/Leaf Rust/09281.jpg,c535c0a8fc34c4023dd18ddae15753e2426ccc032992fbe7c85af3847acdd955,exact_duplicate,suhas/Images/Leaf Rust/00271.jpg,
Brown Rust,suhas,suhas,Images/Leaf Rust/09311.jpg,0c4e9747ae73316dd87e02ebde55cf31b726afe31401c99726d2d54ffd3a5a5e,exact_duplicate,suhas/Images/Leaf Rust/01321.jpg,
Brown Rust,suhas,suhas,Images/Leaf Rust/09321.jpg,49ef28f7d728459a693fc28ca66dfb5e804b6ace040cc6acef4d2eef042737ac,exact_duplicate,suhas/Images/Leaf Rust/01331.jpg,
Brown Rust,suhas,suhas,Images/Leaf Rust/09331.jpg,ce53e85153fe309abc96c1eb517676b7767d00f4438257b57b43fcc6bb9285ce,exact_duplicate,suhas/Images/Leaf Rust/01341.jpg,
Brown Rust,suhas,suhas,Images/Leaf Rust/09341.JPG,64422f0b2ddb6f5975d44f32d71306578a606fc36d71ed869fcc2ecb0ab13776,exact_duplicate,suhas/Images/Leaf Rust/01251.JPG,
Brown Rust,suhas,suhas,Images/Leaf Rust/09361.jpg,d689e037ad7a8ca6d09a6fa183d6749a2eed55b775974baeda9bb16df6ac9951,exact_duplicate,suhas/Images/Leaf Rust/01271.jpg,
Brown Rust,suhas,suhas,Images/Leaf Rust/09371.jpg,5cf035c2368faa79880e7a954b59726b31a5ee10076230f7f3de31937ae754d4,exact_duplicate,suhas/Images/Leaf Rust/01281.jpg,
Brown Rust,suhas,suhas,Images/Leaf Rust/09381.jpg,d6f02f761e5c33c837d94f20d32cf075ca92a26ab736ceed770bd295d7841364,exact_duplicate,suhas/Images/Leaf Rust/01291.jpg,
Brown Rust,suhas,suhas,Images/Leaf Rust/09401.jpg,0a76ab285969dd00ab1235fbef361a2d235ed3f09ea7e738910576a244724105,exact_duplicate,suhas/Images/Leaf Rust/01311.jpg,
Brown Rust,suhas,suhas,Images/Leaf Rust/09441.jpg,ba525cb1b645a1db394eec4681c7584b1b1c624bcd6dfe1e1aa7595c718d103e,exact_duplicate,suhas/Images/Leaf Rust/01351.jpg,
Brown Rust,suhas,suhas,Images/Leaf Rust/09461.JPG,96d7c078aaa8d55a7fb11a1d6732334dc699c428db4056dae150a38b9acd77ac,exact_duplicate,suhas/Images/Leaf Rust/01181.JPG,
Brown Rust,suhas,suhas,Images/Leaf Rust/09471.jpg,355834c903be146fba98a2008a0bc45e3da8f4e900dc6798283c722630e4f545,exact_duplicate,suhas/Images/Leaf Rust/01381.jpg,
Brown Rust,suhas,suhas,Images/Leaf Rust/09481.jpg,271d9de9ab5175c19a17133f183aee045bd9d83f01f410bdb580d698540ff881,exact_duplicate,suhas/Images/Leaf Rust/01391.jpg,
Brown Rust,suhas,suhas,Images/Leaf Rust/09491.jpg,c7eb4156535ec7867482d8833b8f7bf05361222f6473fb3e443a3485a12fa8c9,exact_duplicate,suhas/Images/Leaf Rust/01401.jpg,
Brown Rust,suhas,suhas,Images/Leaf Rust/09501.jpg,df22cc5e5730b8b4a0467d70672fac81afcd0c7219d1e2a49fd8d0237456f248,exact_duplicate,suhas/Images/Leaf Rust/01411.jpg,
Brown Rust,suhas,suhas,Images/Leaf Rust/09511.jpg,aa08d8141512a4a7099cb40316be9ef3c97851da7f76bf7434aa6f100f0e45d4,exact_duplicate,suhas/Images/Leaf Rust/01541.jpg,
Brown Rust,suhas,suhas,Images/Leaf Rust/09521.JPG,588a7a9c8a4a41e58f80c98300d6c00d1757df43b950a0c6891c1e55bae69359,exact_duplicate,suhas/Images/Leaf Rust/01551.JPG,
Brown Rust,suhas,suhas,Images/Leaf Rust/09531.jpg,3bafd3399d320197d6ad90bba64526d4e2773a469e43ee3839ab414f9733888b,exact_duplicate,suhas/Images/Leaf Rust/01441.jpg,
Brown Rust,suhas,suhas,Images/Leaf Rust/09541.jpg,333f23d23bd102c220f712abfded00aa4e4561120141570c4c4e9aab435ebffc,exact_duplicate,suhas/Images/Leaf Rust/01571.jpg,
Brown Rust,suhas,suhas,Images/Leaf Rust/09551.jpg,d7e1cfa394526cfd5ad3268697b8a6a45a3deb8514e16859cbd7b8a8b73a6be9,exact_duplicate,suhas/Images/Leaf Rust/01581.jpg,
Brown Rust,suhas,suhas,Images/Leaf Rust/09561.jpg,3f39ebfd3ff9997e6bd4b7cc26c6e76aae6f27b766ebe87a668d36eda54b240e,exact_duplicate,suhas/Images/Leaf Rust/01591.jpg,
Brown Rust,suhas,suhas,Images/Leaf Rust/09581.jpg,e410f155ff96fd7ae7a1694f464a96bcb51a82482536a767221cfc5cbcf437ad,exact_duplicate,suhas/Images/Leaf Rust/01491.jpg,
Brown Rust,suhas,suhas,Images/Leaf Rust/09591.jpg,a5f9d17b316e7da5356edac83a4c4635bf296d14bb25ee8cd3c8e4fd228e430a,exact_duplicate,suhas/Images/Leaf Rust/01501.jpg,
Brown Rust,suhas,suhas,Images/Leaf Rust/09601.jpg,9b4b0ac426b8ee5a471c68407e1559bd455a6f9dbba89acbca077939c4b63c7f,exact_duplicate,suhas/Images/Leaf Rust/01511.jpg,
Brown Rust,suhas,suhas,Images/Leaf Rust/09611.jpg,8d375cd9963cfdc5ab8d054b92c5d54734cdd3bc164b5a01f2e54eefe87bf221,exact_duplicate,suhas/Images/Leaf Rust/01521.jpg,
Brown Rust,suhas,suhas,Images/Leaf Rust/09621.jpg,4b37977e5761d7f2b517fa89d1327ef0982257036c0e8a338a38cdd03a1beb76,exact_duplicate,suhas/Images/Leaf Rust/01661.jpg,
Brown Rust,suhas,suhas,Images/Leaf Rust/09651.jpg,297cc184624e89f0f55c998c5a3612739ca3fc490060fa34d24016d265fbd412,exact_duplicate,suhas/Images/Leaf Rust/01561.jpg,
Brown Rust,suhas,suhas,Images/Leaf Rust/09691.JPG,bad0a73851fd7fe8ab5e52ee9b8e108c7b2f95bf7c54957ccd33702d6accf670,exact_duplicate,suhas/Images/Leaf Rust/01731.JPG,
Brown Rust,suhas,suhas,Images/Leaf Rust/09701.jpg,39ce1bd79445d1a389c52ff762ee8020a17285caef045202891552e36386262b,exact_duplicate,suhas/Images/Leaf Rust/01611.jpg,
Brown Rust,suhas,suhas,Images/Leaf Rust/09711.jpg,40f0ae0e8389d71e6e8ccfe1707d4059d28adbb45ebee82baf4810606a633c3a,exact_duplicate,suhas/Images/Leaf Rust/01761.jpg,
Brown Rust,suhas,suhas,Images/Leaf Rust/09721.jpg,7d493d270828b6c21fcf44776dd56200b6c6f7abfffb0a829db3d12731de4646,exact_duplicate,suhas/Images/Leaf Rust/01631.jpg,
Brown Rust,suhas,suhas,Images/Leaf Rust/09731.jpg,1e9b21433d6849e51f0edc8f274c0f024fffd36cecd0f411d2764b12e84951b2,exact_duplicate,suhas/Images/Leaf Rust/01781.jpg,
Brown Rust,suhas,suhas,Images/Leaf Rust/09741.jpg,a193f874ddc8174a777e4f008b67d09308af7fed66be0297414b2de1c4790f47,exact_duplicate,suhas/Images/Leaf Rust/01651.jpg,
Brown Rust,suhas,suhas,Images/Leaf Rust/09751.jpeg,d36a1741b758c5fc46777070ed506828ad7a62b0dcfd6acebe2f3515af24a5b3,exact_duplicate,suhas/Images/Leaf Rust/01801.jpeg,
Brown Rust,suhas,suhas,Images/Leaf Rust/09761.jpg,3ca7fa5290b798439bc136df7cc9194170bca5da6dcc0d381cb81f11e79bcca9,exact_duplicate,suhas/Images/Leaf Rust/01811.jpg,
Brown Rust,suhas,suhas,Images/Leaf Rust/09781.jpg,c88135fafb75af6c72add894b9c6f22155aa3b170cf6d3ee51b83707b5a36143,exact_duplicate,suhas/Images/Leaf Rust/01831.jpg,
Brown Rust,suhas,suhas,Images/Leaf Rust/09791.jpg,601de27599ae0cdef69666991c26a1d0e0a44d4490742319c4ce39c658140d22,exact_duplicate,suhas/Images/Leaf Rust/01701.jpg,
Brown Rust,suhas,suhas,Images/Leaf Rust/09801.jpg,4e31c9d2999f92cc6abe33d27cf89c2d3f534138fd5d9211d6894b2ca3d3f14d,exact_duplicate,suhas/Images/Leaf Rust/01861.jpg,
Brown Rust,suhas,suhas,Images/Leaf Rust/09831.JPG,fe32ff62d4c8371d437bab2473b9d4ce45046227180aa443a31d31ab71d98b36,exact_duplicate,suhas/Images/Leaf Rust/00151.JPG,
Brown Rust,suhas,suhas,Images/Leaf Rust/09841.JPG,72a3351d6a02a124832d7346b475e13e4cfb9105e5546c410adeccdc10241c98,exact_duplicate,suhas/Images/Leaf Rust/00761.JPG,
Brown Rust,suhas,suhas,Images/Leaf Rust/09861.jpg,e8c4aef86a24dc0db89c9864c202c9b9af584e7e4c0f26d8623c8ef2bc4ecfaa,exact_duplicate,suhas/Images/Leaf Rust/00581.jpg,
Brown Rust,suhas,suhas,Images/Leaf Rust/09881.JPG,796938d554f56b789ea776db25e72e168ca9c1069fd61d7613fcd3c0b5a36c92,exact_duplicate,suhas/Images/Leaf Rust/01791.JPG,
Brown Rust,suhas,suhas,Images/Leaf Rust/09891.JPG,f8c063441f462a163df899ff8163e1f396f120e2f248ddfd20da99a9cf14bf9e,exact_duplicate,suhas/Images/Leaf Rust/01801.JPG,
Brown Rust,suhas,suhas,Images/Leaf Rust/09931.jpg,61fb601300d11ee643032bb55cce78ac4dbb6d439de8d692406c2f3f8a1846bd,exact_duplicate,suhas/Images/Leaf Rust/01841.jpg,
Brown Rust,suhas,suhas,Images/Leaf Rust/09941.jpg,f5be2c0fe70cbda7f15b72c4a9adbfb98e9addd5758d4cb9bd7cd4cc56c12b9e,exact_duplicate,suhas/Images/Leaf Rust/01851.jpg,
Brown Rust,suhas,suhas,Images/Leaf Rust/09961.jpeg,b66a95576c58e1d5447bdfe3d5c314ae377cd6dbb54bb52deba99920ef9debdc,exact_duplicate,suhas/Images/Leaf Rust/02031.jpeg,
Brown Rust,suhas,suhas,Images/Leaf Rust/10001.jpg,9a95d523fc72da683a8eb730c4aa5b6e72aab4b06f8319e9f5f04c59f0ae0aa9,exact_duplicate,suhas/Images/Leaf Rust/02081.jpg,
Brown Rust,suhas,suhas,Images/Leaf Rust/10011.jpg,33bb77f7f5bcc3fe504e39c06c5d1b94dbe38ce0d5fdc586157fbcef0f29ee3d,exact_duplicate,suhas/Images/Leaf Rust/01921.jpg,
Brown Rust,suhas,suhas,Images/Leaf Rust/10021.jpg,cd164bc3ccceae4ff647cfd8f9944f9148298f04ba50f44947d33d8822eea823,exact_duplicate,suhas/Images/Leaf Rust/01931.jpg,
Brown Rust,suhas,suhas,Images/Leaf Rust/10031.jpg,bfd8aea495a6ea41d9bad5d70202da37f04b55005838d8b56141fffaeb5c8b7b,exact_duplicate,suhas/Images/Leaf Rust/01941.jpg,
Brown Rust,suhas,suhas,Images/Leaf Rust/10041.jpg,bcb2c5521c85bd3b026408fc9b8c7f44409df0dd7b4fa62a09d413ce1373e0b2,exact_duplicate,suhas/Images/Leaf Rust/02121.jpg,
Brown Rust,suhas,suhas,Images/Leaf Rust/10051.jpg,8d974b8c786195f9cf124152cf1582f757e531d45b5f20ef89bb4cc12be95fbe,exact_duplicate,suhas/Images/Leaf Rust/01961.jpg,
Brown Rust,suhas,suhas,Images/Leaf Rust/10061.jpg,78822b01bb2af310c055f8ef38a947657691f6974e94a1b3baf24f527c71963c,exact_duplicate,suhas/Images/Leaf Rust/00341.jpg,
Brown Rust,suhas,suhas,Images/Leaf Rust/10071.jpg,727eb6db02557526efd985d1bd12f0a8b58df571c47e881ae27140667dd5d522,exact_duplicate,suhas/Images/Leaf Rust/02151.jpg,
Brown Rust,suhas,suhas,Images/Leaf Rust/10081.jpg,7dbe249b61b68def094d5045007d8b422335f950dedc715133690960e6f64093,exact_duplicate,suhas/Images/Leaf Rust/01991.jpg,
Brown Rust,suhas,suhas,Images/Leaf Rust/10091.jpg,3fbb52b0f53f5e9a2005f03ea82506b19ba189e59659ec28ecc1fd0e66bd00f3,exact_duplicate,suhas/Images/Leaf Rust/02171.jpg,
Brown Rust,suhas,suhas,Images/Leaf Rust/10101.jpg,d94300404bfacac21a7168dcd8c8f3d669eefa3702a42dc634250e7c029a23dc,exact_duplicate,suhas/Images/Leaf Rust/02011.jpg,
Brown Rust,suhas,suhas,Images/Leaf Rust/10111.jpg,17231dbe0c978009e161280d011684ca4520df1fb0fa2e595c63cc132eb523bb,exact_duplicate,suhas/Images/Leaf Rust/02021.jpg,
Brown Rust,suhas,suhas,Images/Leaf Rust/10121.jpg,ca1bf9d9b803162a2a32cb08d3a6d9b236331e0968fac596d314766d1274730d,exact_duplicate,suhas/Images/Leaf Rust/02031.jpg,
Brown Rust,suhas,suhas,Images/Leaf Rust/10141.png,8eb421f60580af1533bbcbe76f808ac23410c872361d2ea2f69a9e1b2d93b6a8,exact_duplicate,suhas/Images/Leaf Rust/02231.png,
Brown Rust,suhas,suhas,Images/Leaf Rust/10151.jpg,331a2f0931a016d932511130755079bfbd796680539cbac9754cdacc90d8e04d,exact_duplicate,suhas/Images/Leaf Rust/02061.jpg,
Brown Rust,suhas,suhas,Images/Leaf Rust/10161.jpg,1e26cebde105e67b86ba8c856a49a175aa8a90233a5faccb3377ecbb021bd2b9,exact_duplicate,suhas/Images/Leaf Rust/02071.jpg,
Brown Rust,suhas,suhas,Images/Leaf Rust/10181.JPG,b82236c37f10bff4983cd161b7abad0ee822dd1e8e24443a9450aacdb8f1736d,exact_duplicate,suhas/Images/Leaf Rust/02271.JPG,
Brown Rust,suhas,suhas,Images/Leaf Rust/10191.jpg,8de86d11c1db37d2d06e943c6e4e4c3386400be0f688b0bbe31422fc6cd2f5fe,exact_duplicate,suhas/Images/Leaf Rust/02101.jpg,
Brown Rust,suhas,suhas,Images/Leaf Rust/10201.jpg,3ed0210ce564b8f24321cb904f32434e46cdb0c5ab15d3d220fc58d9bb605660,exact_duplicate,suhas/Images/Leaf Rust/02111.jpg,
Brown Rust,suhas,suhas,Images/Leaf Rust/10221.jpg,d8ec306326dfafd728f83b36f2abd2f5745de7ac2336c844e0822ed13234e461,exact_duplicate,suhas/Images/Leaf Rust/00711.jpg,
Brown Rust,suhas,suhas,Images/Leaf Rust/10251.jpg,5ffbab9b18df4497fd3f24e3bb6d2b914e3d47b0a7b985eed179656199c77521,exact_duplicate,suhas/Images/Leaf Rust/02161.jpg,
Brown Rust,suhas,suhas,Images/Leaf Rust/10281.JPG,843d4d09ae0d09236799ebe0bab7e03ccc2ced85bba3d10fe752c2cddf439555,exact_duplicate,suhas/Images/Leaf Rust/02381.JPG,
Brown Rust,suhas,suhas,Images/Leaf Rust/10291.jpg,e5df073d75ce7aef804310fd32bb412b439d50a83d1f621ce6d2452fd4901eaa,exact_duplicate,suhas/Images/Leaf Rust/02201.jpg,
Brown Rust,suhas,suhas,Images/Leaf Rust/10301.jpg,07e1e1cea6ea0a445e7fb4157abcaaddacdf1c4fca388f67640b9790a25159a7,exact_duplicate,suhas/Images/Leaf Rust/02411.jpg,
Brown Rust,suhas,suhas,Images/Leaf Rust/10311.jpg,4d33bb1ae3f8aa76035fe175db3f6bc88c89ef986a2e2b0db5da2e4c7976c6f8,exact_duplicate,suhas/Images/Leaf Rust/02221.jpg,
Brown Rust,suhas,suhas,Images/Leaf Rust/10331.jpg,68e9bd44cde6ee05d56f85c8796a3f7b3c59250498c337a1239a8e9652d1ce51,exact_duplicate,suhas/Images/Leaf Rust/02441.jpg,
Brown Rust,suhas,suhas,Images/Leaf Rust/10341.jpg,ac91b260652373a4bb5feb43c9627a9f1db95090773010843a57b4c959eb5f86,exact_duplicate,suhas/Images/Leaf Rust/02451.jpg,
Brown Rust,suhas,suhas,Images/Leaf Rust/10351.JPG,fd9ecff08a5b78a5b042b6a83b499e2d1aec526880da4be06ba7ae30e33ed644,exact_duplicate,suhas/Images/Leaf Rust/01151.JPG,
Brown Rust,suhas,suhas,Images/Leaf Rust/10371.jpg,f1f37180dc79215476211ca36f1312e37a5fb1084e1ed3727a9b63ced82c6dc5,exact_duplicate,suhas/Images/Leaf Rust/02481.jpg,
Brown Rust,suhas,suhas,Images/Leaf Rust/10381.jpg,5277308932af412165d55e7d0b40f9717c4344e1eefab562235031dcf16664b2,exact_duplicate,suhas/Images/Leaf Rust/02491.jpg,
Brown Rust,suhas,suhas,Images/Leaf Rust/10391.jpg,40692bb57af05a7dc0ffc91761cf821e40ddd5d20aa77a35999acc572283f2c9,exact_duplicate,suhas/Images/Leaf Rust/02501.jpg,
Brown Rust,suhas,suhas,Images/Leaf Rust/10411.JPG,1043a23d53a198b1d2337277cb4d0266c9a8136fa24f48eff97bd7662f60c796,exact_duplicate,suhas/Images/Leaf Rust/01011.JPG,
Brown Rust,suhas,suhas,Images/Leaf Rust/10441.jpg,7a7ca70bfb5601c7dad8a59ed50483eacf7623d3e64663dc5f4dbb4ecf56bdda,exact_duplicate,suhas/Images/Leaf Rust/02561.jpg,
Brown Rust,suhas,suhas,Images/Leaf Rust/10451.JPG,1643e7c8b94f7c4634cb19700404e8b3b04dfbcd99ab8f70727080572796495f,exact_duplicate,suhas/Images/Leaf Rust/02571.JPG,
Brown Rust,suhas,suhas,Images/Leaf Rust/10461.jpg,96f0c5c329557dafcaa5e2b00f3bb8762d33fc1fce49a3e795460f84dda13a78,exact_duplicate,suhas/Images/Leaf Rust/02581.jpg,
Brown Rust,suhas,suhas,Images/Leaf Rust/10481.jpg,d653e898854e2d8bbae5bb815f9a97b1cb8b2200ac4b978c0039aad8f88fb5fb,exact_duplicate,suhas/Images/Leaf Rust/02601.jpg,
Brown Rust,suhas,suhas,Images/Leaf Rust/10491.jpg,89d2c83c441cc364d85651b42bc43cd4c67b234a24f8b202382d56243cabddc7,exact_duplicate,suhas/Images/Leaf Rust/00471.jpg,
Brown Rust,suhas,suhas,Images/Leaf Rust/10511.jpg,f5cf6a4f32c708cd20e9cbe3d3b76f953b9c73b38dec26d760544ff6ddbc8cb3,exact_duplicate,suhas/Images/Leaf Rust/02641.jpg,
Brown Rust,suhas,suhas,Images/Leaf Rust/10531.jpeg,78de25a2ee6e1c3af799bca553751c40d580fdafd16b8e7dc7ee97f3e5ca0c78,exact_duplicate,suhas/Images/Leaf Rust/02441.jpeg,
Brown Rust,suhas,suhas,Images/Leaf Rust/10541.jpeg,1d93a9cdc07cc0b07d64537bb7ae97eccfd7f2498b4f14d3c03342d75328744f,exact_duplicate,suhas/Images/Leaf Rust/02671.jpeg,
Brown Rust,suhas,suhas,Images/Leaf Rust/10551.jpeg,d03e211f1ec2850d3bc526d341e3f240893a59361ae57856c5ac1bae0cec8dd1,exact_duplicate,suhas/Images/Leaf Rust/02681.jpeg,
Brown Rust,suhas,suhas,Images/Leaf Rust/10561.jpeg,832c0ca2a6b696ca9279e15c1b0494043dc288d881e944ee11c77b398edea35f,exact_duplicate,suhas/Images/Leaf Rust/02691.jpeg,
Brown Rust,suhas,suhas,Images/Leaf Rust/10571.jpeg,b3ca380d491dd4f95c5130675af06bc794c461636aff9927fe4e4a1f6442a8cb,exact_duplicate,suhas/Images/Leaf Rust/02701.jpeg,
Brown Rust,suhas,suhas,Images/Leaf Rust/10581.jpeg,25454ebc6f9213ff88b015eed8756c66dfdd3444047eecfbb95601a96fb6a8a1,exact_duplicate,suhas/Images/Leaf Rust/02711.jpeg,
Brown Rust,suhas,suhas,Images/Leaf Rust/10591.jpeg,ee5eb9b2a65ecf8eaa0c25710339fd666a8b12311fd6f4989526f4b6a560b79e,exact_duplicate,suhas/Images/Leaf Rust/02721.jpeg,
Brown Rust,suhas,suhas,Images/Leaf Rust/10601.jpeg,d34e1f5ca12222d0d12c2e0074f3ebacfda7a715ad11da3a65d2d690fb1dfe8d,exact_duplicate,suhas/Images/Leaf Rust/02741.jpeg,
Brown Rust,suhas,suhas,Images/Leaf Rust/10611.jpeg,9b7ebb1ed132ab170eb6a692e8771f64df2e0c7ac577c7f8799ab77fff50a232,exact_duplicate,suhas/Images/Leaf Rust/02751.jpeg,
Brown Rust,suhas,suhas,Images/Leaf Rust/10621.jpeg,ba2e5bbc4fbb12a77b02fd769627587d52dfb064edcc3196c407ddaa63533c6b,exact_duplicate,suhas/Images/Leaf Rust/02761.jpeg,
Brown Rust,suhas,suhas,Images/Leaf Rust/10631.jpeg,c14b053e1a6b2c914bbfa2cebf335b8f50a0a5ff64688edbc008871b61aba967,exact_duplicate,suhas/Images/Leaf Rust/02771.jpeg,
Brown Rust,suhas,suhas,Images/Leaf Rust/10641.jpeg,3c6903c76011157d1c35ed5be66a629197a1ad51f50a4b606a19edfcc0c065ee,exact_duplicate,suhas/Images/Leaf Rust/02781.jpeg,
Brown Rust,suhas,suhas,Images/Leaf Rust/10651.jpeg,829aeb0131929ec51197aa1437e360b1ff8ac000fddc675ebb8ccd833f53233c,exact_duplicate,suhas/Images/Leaf Rust/02791.jpeg,
Brown Rust,suhas,suhas,Images/Leaf Rust/10661.jpeg,ed2cfd99c20994d4e689e4d2e4c331e1ba7779d6408b9344facdb1ff27a69f68,exact_duplicate,suhas/Images/Leaf Rust/02801.jpeg,
Brown Rust,suhas,suhas,Images/Leaf Rust/10671.jpeg,b24a09eb533e1ac4e8896157fcfcc8a7d07023c184278a9f74c8f56b18ac497b,exact_duplicate,suhas/Images/Leaf Rust/02811.jpeg,
Brown Rust,suhas,suhas,Images/Leaf Rust/10681.jpeg,a0fba22e94730c6d08b338b344e68c2936d62be5fc441b832d003fccdb552ae8,exact_duplicate,suhas/Images/Leaf Rust/02821.jpeg,
Brown Rust,suhas,suhas,Images/Leaf Rust/10691.jpeg,1455939a57826e69d987a0d9085b67832beb5af2fcdcadf2382d40c0e816e3e3,exact_duplicate,suhas/Images/Leaf Rust/02831.jpeg,
Brown Rust,suhas,suhas,Images/Leaf Rust/10701.jpeg,9fec8fc9d7f3eb0a91ea764f2ff11d0f79eead439698c13adc1a3df1e0be0ab8,exact_duplicate,suhas/Images/Leaf Rust/02851.jpeg,
Brown Rust,suhas,suhas,Images/Leaf Rust/10711.jpeg,15804dbe8128babc43c37ae2db72c3d28bf31df4e6af31989f3b13c16ab2bd9c,exact_duplicate,suhas/Images/Leaf Rust/02861.jpeg,
Brown Rust,suhas,suhas,Images/Leaf Rust/10721.jpeg,c62fa41ccf66eaec463c60e98c358a9f56987a44a0af663ce1eacb33f410a807,exact_duplicate,suhas/Images/Leaf Rust/02871.jpeg,
Brown Rust,suhas,suhas,Images/Leaf Rust/10731.jpeg,f5d640d3e40b96dcdc754d0467c75bb1078b75972b21bcf5ab64ddb618325b0e,exact_duplicate,suhas/Images/Leaf Rust/02881.jpeg,
Brown Rust,suhas,suhas,Images/Leaf Rust/10741.jpeg,3da577fcced791e7a368eb18b8120bdb7c857d99406b119bf81618fd66756d54,exact_duplicate,suhas/Images/Leaf Rust/02891.jpeg,
Brown Rust,suhas,suhas,Images/Leaf Rust/10751.jpeg,d36a1741b758c5fc46777070ed506828ad7a62b0dcfd6acebe2f3515af24a5b3,exact_duplicate,suhas/Images/Leaf Rust/01801.jpeg,
Brown Rust,suhas,suhas,Images/Leaf Rust/10761.jpg,57bf2e488067921c0020daa7371beeb3ae7c2124e0385e5fd58e8e43ea593142,exact_duplicate,suhas/Images/Leaf Rust/02681.jpg,
Brown Rust,suhas,suhas,Images/Leaf Rust/10771.jpg,5449b205806107a8180ba37fd52a54c563352c8f6573262e854d7121b7d23daf,exact_duplicate,suhas/Images/Leaf Rust/02751.jpg,
Brown Rust,suhas,suhas,Images/Leaf Rust/10781.jpg,95b89420ce48371a723873c26b54fa66e71271ca4bd016d8e75550cb080e158a,exact_duplicate,suhas/Images/Leaf Rust/02941.jpg,
Brown Rust,suhas,suhas,Images/Leaf Rust/10791.jpg,7bb2d382c8b84ecea46980f05a6a0dd31dc7c453d7181040582780c4f735e20a,exact_duplicate,suhas/Images/Leaf Rust/02791.jpg,
Brown Rust,suhas,suhas,Images/Leaf Rust/10801.jpg,0ce28efe36ef03e34dddb14522fde0c9109b7c5a4d7f2f3ce31fc039c39afbec,exact_duplicate,suhas/Images/Leaf Rust/02821.jpg,
Brown Rust,suhas,suhas,Images/Leaf Rust/10811.jpg,1864f3935d734951195c1c10d9d550439498e81ce81e2955ee6d78559cfdc253,exact_duplicate,suhas/Images/Leaf Rust/02831.jpg,
Brown Rust,suhas,suhas,Images/Leaf Rust/10821.jpg,14686400e44218ed4d2e49a2fbf806d9ab2b06929e82d55e9eb84f24357675ed,exact_duplicate,suhas/Images/Leaf Rust/02841.jpg,
Brown Rust,suhas,suhas,Images/Leaf Rust/10831.jpg,aa98e46c9cbe4cf73f4e79ab12fcad4b1d087c5e13072c8ac7243f7d4df2e282,exact_duplicate,suhas/Images/Leaf Rust/02851.jpg,
Brown Rust,suhas,suhas,Images/Leaf Rust/10841.jpg,7dc9b5d7c5b1466625827a240cb773fc0838bf518a2228f4dc1bff096b32d8f5,exact_duplicate,suhas/Images/Leaf Rust/02861.jpg,
Brown Rust,suhas,suhas,Images/Leaf Rust/10851.jpg,0f3fedd88222beb42c47ff7115b353fae541ab067117c169e7c32010fe7dec7f,exact_duplicate,suhas/Images/Leaf Rust/03021.jpg,
Brown Rust,suhas,suhas,Images/Leaf Rust/10861.jpg,2a66877c1ecfdfb27602cbbf4e034160888c86b30138ecc963e8cc82e0bd1888,exact_duplicate,suhas/Images/Leaf Rust/02901.jpg,
Brown Rust,suhas,suhas,Images/Leaf Rust/10871.jpg,3e37ab409a4873fca182b7bd73c2b5ae74cfaf432ea16e2a5471e1c643512a7e,exact_duplicate,suhas/Images/Leaf Rust/02911.jpg,
Brown Rust,suhas,suhas,Images/Leaf Rust/10881.jpg,f0f53292f5cef50cf6271cf70aee2a4bdac85f1aad42e20dc9ad5d82e9090846,exact_duplicate,suhas/Images/Leaf Rust/03061.jpg,
Brown Rust,suhas,suhas,Images/Leaf Rust/10891.jpg,d3e5798dc5ac959a41e0051e346203cd9fded392207b29ce2e8450ba58d7fa14,exact_duplicate,suhas/Images/Leaf Rust/02931.jpg,
Brown Rust,suhas,suhas,Images/Leaf Rust/10901.jpg,e511bb3507302a78e6d08c6ab241a6ac5959f8916749c4bac2179a12c71facf3,exact_duplicate,suhas/Images/Leaf Rust/03081.jpg,
Brown Rust,suhas,suhas,Images/Leaf Rust/10911.jpg,dc7a886b5ae8893c0fb6349e39e12a24cc7493378faf3b9a9743a235f839332d,exact_duplicate,suhas/Images/Leaf Rust/03091.jpg,
Brown Rust,suhas,suhas,Images/Leaf Rust/10921.jpg,9664b9e320227bb5da1177ea3198632288fef4cfb2eb9d5bad2760105523d624,exact_duplicate,suhas/Images/Leaf Rust/02971.jpg,
Brown Rust,suhas,suhas,Images/Leaf Rust/10931.jpg,226116ad1ee012559443c970c1a73d0a32e37a771099ae1d801a86f792a04b47,exact_duplicate,suhas/Images/Leaf Rust/02981.jpg,
Brown Rust,suhas,suhas,Images/Leaf Rust/10941.jpg,b85c3579473c5b1d3a29360f4fef73f4d7086008250d101088e6bfe89c3be583,exact_duplicate,suhas/Images/Leaf Rust/03121.jpg,
Brown Rust,suhas,suhas,Images/Leaf Rust/10951.jpg,be4e05def1a21851a849038adf1d71a545d8be2cc6079794107663a444e3a285,exact_duplicate,suhas/Images/Leaf Rust/03131.jpg,
Brown Rust,suhas,suhas,Images/Leaf Rust/10961.jpg,f73fcc4be1847f04d13211c27712294012ab21a4523383962c878f5f42f21ac8,exact_duplicate,suhas/Images/Leaf Rust/03011.jpg,
Brown Rust,suhas,suhas,Images/Leaf Rust/10971.jpg,5567814d9bee44d3b651f3b2b66e7d1f4067a24325aeb03752787b540a829d6c,exact_duplicate,suhas/Images/Leaf Rust/03161.jpg,
Brown Rust,suhas,suhas,Images/Leaf Rust/10981.jpg,ec571b4270705de1d4bc27837b0a5dc1640f3bf49f43394285a3c89715bc04fd,exact_duplicate,suhas/Images/Leaf Rust/03041.jpg,
Brown Rust,suhas,suhas,Images/Leaf Rust/10991.jpg,efc5eb3486c761c00eb51e95f160f9cbaf7beab5e835d771a325c3000cd3de21,exact_duplicate,suhas/Images/Leaf Rust/03181.jpg,
Brown Rust,suhas,suhas,Images/Leaf Rust/11001.jpg,5c26556528ec89c227fe5d7883bca8ed0ed883af1ff5fd52cbeba2434ad69c73,exact_duplicate,suhas/Images/Leaf Rust/03191.jpg,
Brown Rust,suhas,suhas,Images/Leaf Rust/11011.jpg,1dc73aeb0e907edb7796f9ff814ed2d0a5252057fe9627d70a11943834ddf114,exact_duplicate,suhas/Images/Leaf Rust/03101.jpg,
Brown Rust,suhas,suhas,Images/Leaf Rust/11021.jpg,00ce785291fa3588f8e460dc856d0b2cdc462f526b62c5f78e2d17446207d00d,exact_duplicate,suhas/Images/Leaf Rust/03111.jpg,
Brown Rust,suhas,suhas,Images/Leaf Rust/11031.jpg,dba2b1a7167b6723d4e5a2a49b667a820da253fb27ed4b55152ab181528c9beb,exact_duplicate,suhas/Images/Leaf Rust/03141.jpg,
Brown Rust,suhas,suhas,Images/Leaf Rust/11041.jpg,61f38ad94313be930db264d8e92c151e17520a1123ff0e58bac821f01ba205d0,exact_duplicate,suhas/Images/Leaf Rust/03241.jpg,
Brown Rust,suhas,suhas,Images/Leaf Rust/11051.jpg,05152f26ae68449b82698be708f1ce39ce55514f4fd78d183e55d5fd86ae7648,exact_duplicate,suhas/Images/Leaf Rust/03171.jpg,
Brown Rust,suhas,suhas,Images/Leaf Rust/11061.jpg,8448a2daa5b0faa3b1778d7a140ffa74f9fc06e51e73e44fc17cf991836bac2c,exact_duplicate,suhas/Images/Leaf Rust/03261.jpg,
Brown Rust,suhas,suhas,Images/Leaf Rust/11071.jpg,cd335f09b559ef677dcedae4d90bd3b506bfdea6bbf90a93dcdff440ff616492,exact_duplicate,suhas/Images/Leaf Rust/03281.jpg,
Brown Rust,suhas,suhas,Images/Leaf Rust/11081.jpg,56a55036dd6256a5d7bb7242366c235617dc15f3a92a044682e7bcf3f578e06d,exact_duplicate,suhas/Images/Leaf Rust/03231.jpg,
Brown Rust,suhas,suhas,Images/Leaf Rust/11091.jpg,00144bbae79a05f04e8d5c9305b62c4d2ccc2699235906c88b47d29642c27a79,exact_duplicate,suhas/Images/Leaf Rust/03251.jpg,
Brown Rust,suhas,suhas,Images/Leaf Rust/11101.jpg,313632bfd8327c7a5fc48786ba9a9682df2cfd26bd5eac0b2fad695391d96bfc,exact_duplicate,suhas/Images/Leaf Rust/03291.jpg,
Brown Rust,suhas,suhas,Images/Leaf Rust/11111.jpg,630f52663a2cc7a342c3772f8039baa1cee7e3da33f041be4f6d757ef612cf74,exact_duplicate,suhas/Images/Leaf Rust/03301.jpg,
Brown Rust,suhas,suhas,Images/Leaf Rust/11121.jpg,14620f5b0b6b0454f9829fad54c831d16aa45ee80a74e81f70553cd87bc5cae4,exact_duplicate,suhas/Images/Leaf Rust/03341.jpg,
Brown Rust,suhas,suhas,Images/Leaf Rust/11131.jpg,4721a97f5f79618a215c03c7918bc044532ca1b11427df126d4e0b4bc357b0cf,exact_duplicate,suhas/Images/Leaf Rust/03321.jpg,
Brown Rust,suhas,suhas,Images/Leaf Rust/11141.jpg,8389c39bfaaa73103baadca12e4f35613c333419f481aad9aa82d4d3cad471d4,exact_duplicate,suhas/Images/Leaf Rust/03361.jpg,
Brown Rust,suhas,suhas,Images/Leaf Rust/11151.jpg,deb155123751bce7eac78d2adb164c0e60e59dde26afbbe94021de04e86552aa,exact_duplicate,suhas/Images/Leaf Rust/03351.jpg,
Brown Rust,suhas,suhas,Images/Leaf Rust/11161.jpg,09a063796ba184025603dd578861566231cf66eb1f489e931eb5f3bd0a902ab9,exact_duplicate,suhas/Images/Leaf Rust/03381.jpg,
Brown Rust,suhas,suhas,Images/Leaf Rust/11171.jpg,b2e2cce079081dd2cd92c569e7159b1072ae0bba378d8f270beb9fc363078d64,exact_duplicate,suhas/Images/Leaf Rust/03391.jpg,
Brown Rust,suhas,suhas,Images/Leaf Rust/11181.jpg,ba23f82cee757e6d1ff29d7be48c37b42aa0ea027262e316bdc02cb9303c3ede,exact_duplicate,suhas/Images/Leaf Rust/03401.jpg,
Brown Rust,suhas,suhas,Images/Leaf Rust/11191.jpg,b233f74cc22f7be712b635ba46f52f5192966c7b64457cd3f5e1512f5bf65f74,exact_duplicate,suhas/Images/Leaf Rust/03411.jpg,
Brown Rust,suhas,suhas,Images/Leaf Rust/11201.jpg,e17d65924e86a3e3de0efde29d9e6f886403895ec0fa04bf880fb85b2127f611,exact_duplicate,suhas/Images/Leaf Rust/03421.jpg,
Brown Rust,suhas,suhas,Images/Leaf Rust/11211.jpg,4ea372158d407b4754685e43deba42a39dd7a8f700ad536e9e551249e4a93f32,exact_duplicate,suhas/Images/Leaf Rust/03431.jpg,
Brown Rust,suhas,suhas,Images/Leaf Rust/11221.jpg,f2330c1dd1823f124b18248ec0a802c61cfd7150081b53aeff33f37a4df46418,exact_duplicate,suhas/Images/Leaf Rust/03441.jpg,
Brown Rust,suhas,suhas,Images/Leaf Rust/11231.jpg,90182d9c9e0e9d96551619036edebd4089f2b2a144fd6df439cbf1d6045a5eb7,exact_duplicate,suhas/Images/Leaf Rust/03461.jpg,
Brown Rust,suhas,suhas,Images/Leaf Rust/11241.jpg,2454398acc2f5df54b85b0d56346041bf519797bac7f9167a15af00664dd42a7,exact_duplicate,suhas/Images/Leaf Rust/03471.jpg,
Brown Rust,suhas,suhas,Images/Leaf Rust/11251.jpg,07f1d08f5f30883ac74123a3293e410bd72eeb654932f4b3ff92d6bfd652a4f2,exact_duplicate,suhas/Images/Leaf Rust/03481.jpg,
Brown Rust,suhas,suhas,Images/Leaf Rust/11261.jpg,e5613aa64a3b9bc38cfafa37de62e2540735e6e1bff155b6bfb023adeb6eef89,exact_duplicate,suhas/Images/Leaf Rust/03501.jpg,
Brown Rust,suhas,suhas,Images/Leaf Rust/11271.jpg,ac7314fd56bee5bfd01da6a2b9a560dab1dc8af0dd6ab683157eedbe81e7eebe,exact_duplicate,suhas/Images/Leaf Rust/03511.jpg,
Brown Rust,suhas,suhas,Images/Leaf Rust/11281.jpg,abaeccb5d9ef73774b544b22c6a4e268e5ef684cc4e906574d3b3909737059ff,exact_duplicate,suhas/Images/Leaf Rust/03521.jpg,
Brown Rust,suhas,suhas,Images/Leaf Rust/11291.jpg,1a1cf1d025a463ab4d141da99a73ce4013c1bb36d09c48cbb25e80fe3a82c06b,exact_duplicate,suhas/Images/Leaf Rust/03531.jpg,
Brown Rust,suhas,suhas,Images/Leaf Rust/11301.jpg,8d442a6d998d6fd953da5e7e4793ccf31228820bef1021d0b96b9b1b5a29302e,exact_duplicate,suhas/Images/Leaf Rust/03541.jpg,
Brown Rust,suhas,suhas,Images/Leaf Rust/11311.jpg,f72de3c49bf4ef4c0067f7ba8511f1f5b21b49b81e410b84ecc251e72025154a,exact_duplicate,suhas/Images/Leaf Rust/03551.jpg,
Brown Rust,suhas,suhas,Images/Leaf Rust/11321.jpg,9b3b804df08f22eb3ec54f855b55c20d676aeadb71a7c6f3808f61e576bb8630,exact_duplicate,suhas/Images/Leaf Rust/03571.jpg,
Brown Rust,suhas,suhas,Images/Leaf Rust/11331.jpg,836d882c337ceeb98220b6947ed130cd8711c9fba910fc889f89048c1fa5cfaf,exact_duplicate,suhas/Images/Leaf Rust/03581.jpg,
Brown Rust,suhas,suhas,Images/Leaf Rust/11341.jpg,139cffba7ef4f698f527b1ac5ad6bd7acc12e916e7edf1c8bd965ee1af45f3f1,exact_duplicate,suhas/Images/Leaf Rust/03591.jpg,
Brown Rust,suhas,suhas,Images/Leaf Rust/11351.jpg,490cf16f43c8ddb502bf2cc72ff544403e8c5f1af7ea1197f343a3e4a506d896,exact_duplicate,suhas/Images/Leaf Rust/03601.jpg,
Brown Rust,suhas,suhas,Images/Leaf Rust/11361.jpg,01370cf84669c1e7ffc65d9f0f4cc63cd914f8c7fe52a10008e871411296edcf,exact_duplicate,suhas/Images/Leaf Rust/03621.jpg,
Brown Rust,suhas,suhas,Images/Leaf Rust/11371.jpg,7c83ffeaa4a2a61956d64d79fd20297d41c44c8968d639e1188159b6e2f79039,exact_duplicate,suhas/Images/Leaf Rust/03631.jpg,
Brown Rust,suhas,suhas,Images/Leaf Rust/11381.jpg,02a23138988247ee3f9110ef2f4e907e0eaded8a3eefafc63ec9b003b48c6813,exact_duplicate,suhas/Images/Leaf Rust/03641.jpg,
Brown Rust,suhas,suhas,Images/Leaf Rust/11391.jpg,5b947791a0a4ac4bb3e204418bc5713310faef575483bb6c04eaa422da834d9c,exact_duplicate,suhas/Images/Leaf Rust/03651.jpg,
Brown Rust,suhas,suhas,Images/Leaf Rust/11401.jpg,64c69ccdc2f593e6f0b4eaa83f93be44ec2c28f857e9f60e85f241c402cab47f,exact_duplicate,suhas/Images/Leaf Rust/03661.jpg,
Brown Rust,suhas,suhas,Images/Leaf Rust/11411.jpg,e7bf9875f957e797398ad262649544c9ba92aa0092de3cfe5409cd8b5e80f32f,exact_duplicate,suhas/Images/Leaf Rust/03681.jpg,
Brown Rust,suhas,suhas,Images/Leaf Rust/11421.jpg,edf1f97c4bc191ea32018f89a3990936e20446ee17e48504358fef6659c243f1,exact_duplicate,suhas/Images/Leaf Rust/03691.jpg,
Brown Rust,suhas,suhas,Images/Leaf Rust/11431.jpg,9f4cf0cc012c9cc6f5aa58f261a99dbc9bb463309f11abdac7f2d118f52aab45,exact_duplicate,suhas/Images/Leaf Rust/03701.jpg,
Brown Rust,suhas,suhas,Images/Leaf Rust/11441.jpg,bf984a01e6540ebbd532a8367c3547076d398963732dcbb0d5720cc49e9c47e4,exact_duplicate,suhas/Images/Leaf Rust/03711.jpg,
Brown Rust,suhas,suhas,Images/Leaf Rust/11451.jpg,f2d2379e6108458b32bd6e6b36231862ff4da34671331ae553fee6003bd6c2da,exact_duplicate,suhas/Images/Leaf Rust/03721.jpg,
Brown Rust,suhas,suhas,Images/Leaf Rust/11461.jpg,2d351e6fb78fdd96efd5ee7755cb06d007c2d9a409a13d777e0eb27c758e9709,exact_duplicate,suhas/Images/Leaf Rust/03731.jpg,
Brown Rust,suhas,suhas,Images/Leaf Rust/11471.jpg,43698d027aa92c7bc6ac80df6501052366051a4e417c9ef525fa09bf91b5f7f3,exact_duplicate,suhas/Images/Leaf Rust/03741.jpg,
Brown Rust,suhas,suhas,Images/Leaf Rust/11481.jpg,cc3e5e9b3f62aed89e426d2ca4fb04639989985e0ccd9a0af4ce48474615e101,exact_duplicate,suhas/Images/Leaf Rust/03751.jpg,
Brown Rust,suhas,suhas,Images/Leaf Rust/11491.jpg,c8bb27962e2eed5c364a36975a05b1450c5e054cdeef66a50cd02a44fdc6f8b8,exact_duplicate,suhas/Images/Leaf Rust/03771.jpg,
Brown Rust,suhas,suhas,Images/Leaf Rust/11501.jpg,038a011264dd69ab28e53662062a63fa51ad7f18a13e07805b4c47412f9b38a0,exact_duplicate,suhas/Images/Leaf Rust/03781.jpg,
Brown Rust,suhas,suhas,Images/Leaf Rust/11511.jpg,34e9f856dc84a1dad8b68421ff8923f5c9e00523f131c9b35709391d0de5e7ea,exact_duplicate,suhas/Images/Leaf Rust/03791.jpg,
Brown Rust,suhas,suhas,Images/Leaf Rust/11521.jpg,d892a6f573f0d2c8c440da4da88297428518ad2bcf4cbd32d2a0a5fb17d75f66,exact_duplicate,suhas/Images/Leaf Rust/03801.jpg,
Brown Rust,suhas,suhas,Images/Leaf Rust/11531.jpg,32cc40a830ab90cef2494be13e3834bbb86b306b049ddf522fb4d577a2bb6031,exact_duplicate,suhas/Images/Leaf Rust/03811.jpg,
Brown Rust,suhas,suhas,Images/Leaf Rust/11541.jpg,12abbab7f0e18d1623b98a33c906ecf8a34b2a26df58d887b89fbe4d84c6123a,exact_duplicate,suhas/Images/Leaf Rust/03821.jpg,
Brown Rust,suhas,suhas,Images/Leaf Rust/11551.jpg,153eb6737b8b4de2b21b51df0a24e6ae4f303050e2e542aa692d888f51656c01,exact_duplicate,suhas/Images/Leaf Rust/03841.jpg,
Brown Rust,suhas,suhas,Images/Leaf Rust/11561.jpg,f2ba5ae0ea8b22f8ebe9ce28f01906f3f0233c155d1179c6cc8ef0f33b1244d3,exact_duplicate,suhas/Images/Leaf Rust/03851.jpg,
Brown Rust,suhas,suhas,Images/Leaf Rust/11571.jpg,787ce583e01b8e02289f4b7bee9957aff0896581134c4c2ea5e051177f4d30a6,exact_duplicate,suhas/Images/Leaf Rust/03861.jpg,
Brown Rust,suhas,suhas,Images/Leaf Rust/11581.jpg,6861f32bd620b0c180a4f8174ad51387d0994f9d54bf376abd73899a934e33a8,exact_duplicate,suhas/Images/Leaf Rust/03871.jpg,
Brown Rust,suhas,suhas,Images/Leaf Rust/11591.jpg,27011d6935bfba31d3b33aa5f56e4611388f44d57dc703f503bc50d7da48ef36,exact_duplicate,suhas/Images/Leaf Rust/03881.jpg,
Brown Rust,suhas,suhas,Images/Leaf Rust/11601.jpg,214d9e5c7db882d7387fe31dd6f136de67e1fa742b489cded72e608862aac8ef,exact_duplicate,suhas/Images/Leaf Rust/03891.jpg,
Brown Rust,suhas,suhas,Images/Leaf Rust/11611.jpg,ca67e7dc03fbab95436e65d870f6349133ec210ff60520f349083ac85e9cfde2,exact_duplicate,suhas/Images/Leaf Rust/03901.jpg,
Brown Rust,suhas,suhas,Images/Leaf Rust/11621.jpg,22e433ee77841b3246f64988462fd4deda713e3217d960b5b8c49bf3f64288ee,exact_duplicate,suhas/Images/Leaf Rust/03911.jpg,
Brown Rust,suhas,suhas,Images/Leaf Rust/11631.jpg,bffc55cb7516002647976ad63c9d6a8e7eeb48913356dfd2b7c429398150d321,exact_duplicate,suhas/Images/Leaf Rust/03921.jpg,
Brown Rust,suhas,suhas,Images/Leaf Rust/11641.jpg,cffc38629dcd03fdc2241f35207e18890354f3b6ab5569c094cd3ea16b8800b7,exact_duplicate,suhas/Images/Leaf Rust/03941.jpg,
Brown Rust,suhas,suhas,Images/Leaf Rust/11651.jpg,71352603bf6c862744024f2e7c489ad9a3a7b68a807ae7ea41e1e73cf5f94c9c,exact_duplicate,suhas/Images/Leaf Rust/03951.jpg,
Brown Rust,suhas,suhas,Images/Leaf Rust/11661.jpg,802e79bd707be4bff5a4de172ce187212c1256f77f636b53830ca3cef30a93ed,exact_duplicate,suhas/Images/Leaf Rust/03961.jpg,
Brown Rust,suhas,suhas,Images/Leaf Rust/11671.jpg,720aeb8274156d2024ad596d59cb3383ba59010668960923b28ce90cdb3b916a,exact_duplicate,suhas/Images/Leaf Rust/03971.jpg,
Brown Rust,suhas,suhas,Images/Leaf Rust/11681.jpg,b1c9b2fd660f7c0f91198d8190c37836eded2aa76e052768edd26b0f30bc87cb,exact_duplicate,suhas/Images/Leaf Rust/03981.jpg,
Brown Rust,suhas,suhas,Images/Leaf Rust/11691.jpg,ef77c139b7d745ab6b2da90e7ff9f53537af6741e112a81c5c3c35aa565fc2e5,exact_duplicate,suhas/Images/Leaf Rust/03991.jpg,
Brown Rust,suhas,suhas,Images/Leaf Rust/11701.jpg,595a9925c367c791503dab4652292e4c0031490462bce164c02a9ac7a04ee89f,exact_duplicate,suhas/Images/Leaf Rust/04001.jpg,
Brown Rust,suhas,suhas,Images/Leaf Rust/11711.jpg,16c0d8d1eabadcd3286762517e052ef5a3519ea35fb00740fc139498aded330e,exact_duplicate,suhas/Images/Leaf Rust/04011.jpg,
Brown Rust,suhas,suhas,Images/Leaf Rust/11721.jpg,e31e9321fa671d09d4faebcddb3c4681b333de92429747ed23d1d204174044a0,exact_duplicate,suhas/Images/Leaf Rust/04031.jpg,
Brown Rust,suhas,suhas,Images/Leaf Rust/11731.jpg,64476005b0da85bbd2f0287d3a211f6cacccb5b502a3fb327da8a7cac7b3fa1f,exact_duplicate,suhas/Images/Leaf Rust/04041.jpg,
Brown Rust,suhas,suhas,Images/Leaf Rust/11741.jpg,eb189f915cb95a6e0552e6d6fdc0c986e01d9cc5deb50e22f69a214ed9b5b9d5,exact_duplicate,suhas/Images/Leaf Rust/04051.jpg,
Brown Rust,suhas,suhas,Images/Leaf Rust/11751.jpg,b9734ec146fff7a4897e3ddc30c489f017fc506ca6f87f600f562946835d266a,exact_duplicate,suhas/Images/Leaf Rust/04061.jpg,
Brown Rust,suhas,suhas,Images/Leaf Rust/11761.jpg,5fa6c04c29e2c3bdd62ff2d76f27b09b899d0af7ad1e19470ef636e26e731d29,exact_duplicate,suhas/Images/Leaf Rust/04071.jpg,
Brown Rust,suhas,suhas,Images/Leaf Rust/11771.jpg,35c2f4f13b929f572eb8697425cc081efc3c992baa016253506123d0079cac0b,exact_duplicate,suhas/Images/Leaf Rust/04081.jpg,
Brown Rust,suhas,suhas,Images/Leaf Rust/11781.jpg,f14dc8bc74bef6dddb6a565a38cfc18005b15d29afe2cea83871113d71b8066f,exact_duplicate,suhas/Images/Leaf Rust/04091.jpg,
Brown Rust,suhas,suhas,Images/Leaf Rust/11791.jpg,300956260a33d4107f61f952f1306b9a5c4759c0382e1ae655f94df60fe69323,exact_duplicate,suhas/Images/Leaf Rust/04101.jpg,
Brown Rust,suhas,suhas,Images/Leaf Rust/11801.jpg,83fcc8286756834627d743d062c7477956bb378add93c061a2a7ab4862b9bf78,exact_duplicate,suhas/Images/Leaf Rust/04121.jpg,
Brown Rust,suhas,suhas,Images/Leaf Rust/11811.jpg,37a1375a38a81caa862610a4b2cb531cb365a18866b64e7306ae9e0f013ef681,exact_duplicate,suhas/Images/Leaf Rust/04131.jpg,
Brown Rust,suhas,suhas,Images/Leaf Rust/11821.jpg,9db76fe3c7cbed76e8f24a7a2fbee989ef640fc485579f14b862f85393f106d7,exact_duplicate,suhas/Images/Leaf Rust/04141.jpg,
Brown Rust,suhas,suhas,Images/Leaf Rust/11831.jpg,25b31a13757dc411856761c4fd95f6e1f3a18d52fb3d9b35368dc8bf51e31305,exact_duplicate,suhas/Images/Leaf Rust/04151.jpg,
Brown Rust,suhas,suhas,Images/Leaf Rust/11841.jpg,3189b67e71401d0ba3895d4ea371107bca38dbde8635067d4df50556acf6286a,exact_duplicate,suhas/Images/Leaf Rust/04161.jpg,
Brown Rust,suhas,suhas,Images/Leaf Rust/11851.jpg,9da818ec037cd04aff45a1382fa25ce8f283f38f481f7b0743a55d7346c475bd,exact_duplicate,suhas/Images/Leaf Rust/04171.jpg,
Brown Rust,suhas,suhas,Images/Leaf Rust/11861.jpg,e2dde01972067d25a3e6f0cf2d355de3d0eab63924a08723b0deadc40e1397af,exact_duplicate,suhas/Images/Leaf Rust/04181.jpg,
Brown Rust,suhas,suhas,Images/Leaf Rust/11871.jpg,9519b551fa03fa8443bcc839e6866302385abb68e4eb1df84f67425a2db5784f,exact_duplicate,suhas/Images/Leaf Rust/04191.jpg,
Brown Rust,suhas,suhas,Images/Leaf Rust/11881.jpg,77d650243141125e7ff0817d1fe09c2061485172e785da292e08d3b00d02b6e8,exact_duplicate,suhas/Images/Leaf Rust/04201.jpg,
Brown Rust,suhas,suhas,Images/Leaf Rust/11891.jpg,44b7c8eaf38dde5b726314e61d7a4b54399aaf146f42b7fe20992d3263011f8a,exact_duplicate,suhas/Images/Leaf Rust/04221.jpg,
Brown Rust,suhas,suhas,Images/Leaf Rust/11901.jpg,3eec5644840f68d37858446c68d2b5ac1d712a662a9c339ee5c19ad95ff498b3,exact_duplicate,suhas/Images/Leaf Rust/04231.jpg,
Brown Rust,suhas,suhas,Images/Leaf Rust/11911.jpg,f8e4cd750ac703b1278f03bf767acd92222c7345de296d94eb2d4d91524d542a,exact_duplicate,suhas/Images/Leaf Rust/04241.jpg,
Brown Rust,suhas,suhas,Images/Leaf Rust/11921.jpg,272620be1a10456aed3e4b964354eb470d4c11d8dc10f33674c216203b530600,exact_duplicate,suhas/Images/Leaf Rust/04251.jpg,
Brown Rust,suhas,suhas,Images/Leaf Rust/11931.jpg,0450212bf245049dd2f37c1f02d015bfc8616e7cb33eb10d62035f2f44764f0b,exact_duplicate,suhas/Images/Leaf Rust/04261.jpg,
Brown Rust,suhas,suhas,Images/Leaf Rust/11941.jpg,599bc562651d7483b2ee7ea0fc51fed22ea79bbf54f73a3beccad9f21ae0699c,exact_duplicate,suhas/Images/Leaf Rust/04281.jpg,
Brown Rust,suhas,suhas,Images/Leaf Rust/11951.jpg,f31541798741ac041ed6ac0f08e78c25adae9268e85c587ef37e7c17c8926e1b,exact_duplicate,suhas/Images/Leaf Rust/04291.jpg,
Brown Rust,suhas,suhas,Images/Leaf Rust/11961.jpg,ac929d0e156ba2abc4f35d14134556938e1aacfaedbe31cceed08cb57e2d6c2d,exact_duplicate,suhas/Images/Leaf Rust/04301.jpg,
Brown Rust,suhas,suhas,Images/Leaf Rust/11971.jpg,94ed5cd77c00f91168a891dad55ae7234dc833283775b2579c3156f8013bec42,exact_duplicate,suhas/Images/Leaf Rust/04311.jpg,
Brown Rust,suhas,suhas,Images/Leaf Rust/11981.jpg,d8019078d96b014a4f868a5292c49a246d2da75ec7fb7a7f607bbabadf104efe,exact_duplicate,suhas/Images/Leaf Rust/04321.jpg,
Brown Rust,suhas,suhas,Images/Leaf Rust/11991.jpg,a361056ac97506b019631b7c7e5787b756c642fb71c1ea22d965eb79f7a6417a,exact_duplicate,suhas/Images/Leaf Rust/04331.jpg,
Brown Rust,suhas,suhas,Images/Leaf Rust/12001.jpg,fc8b501cbd0bad31d9c9c186021fca92c0c0193f927f1f0d864f35c53e9152ae,exact_duplicate,suhas/Images/Leaf Rust/04341.jpg,
Brown Rust,suhas,suhas,Images/Leaf Rust/12011.jpg,914114952c328da59322fd0275523a3a53975cd576ea60987e62a486071e78f1,exact_duplicate,suhas/Images/Leaf Rust/04361.jpg,
Brown Rust,suhas,suhas,Images/Leaf Rust/12021.jpg,39c52c12de099ef977e1ab3e332900a1fccc571f3fa9b83c3d4efe3cf63cde17,exact_duplicate,suhas/Images/Leaf Rust/04371.jpg,
Brown Rust,suhas,suhas,Images/Leaf Rust/12031.jpg,4efb715aed4598ac0171f4e9de83c819af71cbff232dc398e6fcfd0cdaf78918,exact_duplicate,suhas/Images/Leaf Rust/04381.jpg,
Brown Rust,suhas,suhas,Images/Leaf Rust/12041.jpg,8794c0df6f56f1c3075f3fa5fdff5190e603d98987eab78f9959badb05618491,exact_duplicate,suhas/Images/Leaf Rust/04391.jpg,
Brown Rust,suhas,suhas,Images/Leaf Rust/12051.jpg,ebe0e26eaf9ae6e413f426ae8eb070505f6c3a7af63f092936d0320aa1dfcc2c,exact_duplicate,suhas/Images/Leaf Rust/04401.jpg,
Brown Rust,suhas,suhas,Images/Leaf Rust/12061.jpg,ea1934c252a21acbe7d75d11c133f80722fc4d86bafdd6b8a36a6098cd283ebe,exact_duplicate,suhas/Images/Leaf Rust/04471.jpg,
Brown Rust,suhas,suhas,Images/Leaf Rust/12071.jpg,73eb43d9238cb21e78389e4a56fabb8ba5210c0e39de810ba3185754caaae733,exact_duplicate,suhas/Images/Leaf Rust/04491.jpg,
Brown Rust,suhas,suhas,Images/Leaf Rust/12081.jpg,2bc70ee87217dbab07b6028b0aaf597b61f5fd12169c92af21f1a203c4c803f8,exact_duplicate,suhas/Images/Leaf Rust/04501.jpg,
Brown Rust,suhas,suhas,Images/Leaf Rust/12091.jpg,b6d0f57e18fbe2882678aef10cac415cd06bd9ef95efc51bf7f85aa8e690e2cb,exact_duplicate,suhas/Images/Leaf Rust/04511.jpg,
Brown Rust,suhas,suhas,Images/Leaf Rust/12101.jpg,004b80c6d0b9ea1bd2c444af0b1ba121464e3047e34537e803c4d9ab079becec,exact_duplicate,suhas/Images/Leaf Rust/04521.jpg,
Brown Rust,suhas,suhas,Images/Leaf Rust/12111.jpg,0346ea85e819bba37aa569a5d69234f7ebc27522aa76e3ba24f6835535566e42,exact_duplicate,suhas/Images/Leaf Rust/04531.jpg,
Brown Rust,suhas,suhas,Images/Leaf Rust/12121.jpg,b10a756d76e6c7fa34103157e4f797e1952a63d1241c6125a31312fb5bc59f3e,exact_duplicate,suhas/Images/Leaf Rust/04541.jpg,
Brown Rust,suhas,suhas,Images/Leaf Rust/12131.jpg,f68cbb5b86c5a548b888edb7ed7d3bd68bb0afca5b7ebfc3e8e4b7df995560da,exact_duplicate,suhas/Images/Leaf Rust/04551.jpg,
Brown Rust,suhas,suhas,Images/Leaf Rust/12141.jpg,70817db34aed24ba42897df33f99106b259eff3e1fdbce49b9739026be4a2a11,exact_duplicate,suhas/Images/Leaf Rust/04561.jpg,
Brown Rust,suhas,suhas,Images/Leaf Rust/12151.jpg,8650059e389959e155ee938101be9ed42c52dfcb5cf5bcf5267911c2012698fa,exact_duplicate,suhas/Images/Leaf Rust/04571.jpg,
Brown Rust,suhas,suhas,Images/Leaf Rust/12161.jpg,ad862c2db8022b92925d98124b16fb3a6ad37acc370e416fa02e24533c280aa1,exact_duplicate,suhas/Images/Leaf Rust/04581.jpg,
Brown Rust,suhas,suhas,Images/Leaf Rust/12171.jpg,18deca3c94c2b2e719e0d54ebc99285b7b577852d060301da168956a0cfe7f6a,exact_duplicate,suhas/Images/Leaf Rust/04601.jpg,
Brown Rust,suhas,suhas,Images/Leaf Rust/12181.jpg,40807db2361fafa4b67166c3a81807454d52586ea62585722420553ca3a2a797,exact_duplicate,suhas/Images/Leaf Rust/04611.jpg,
Brown Rust,suhas,suhas,Images/Leaf Rust/12191.jpg,4434ab5eff49de04e4909c568ed7e5e09394d4368ae1cd2e8cfe20d945eba176,exact_duplicate,suhas/Images/Leaf Rust/04621.jpg,
Brown Rust,suhas,suhas,Images/Leaf Rust/12201.jpg,1a74ce7e2990119f3a500061d9e21cbeb41dd99d130a018129742619a444e3d2,exact_duplicate,suhas/Images/Leaf Rust/04631.jpg,
Brown Rust,suhas,suhas,Images/Leaf Rust/12211.jpg,622bb77cdacf53383be6a32cae7f56bcb1aa3055c17c813de1016a1536409035,exact_duplicate,suhas/Images/Leaf Rust/04641.jpg,
Brown Rust,suhas,suhas,Images/Leaf Rust/12221.jpg,c1fd3d0e02cbd6260b84dee1689e8c57bfeb16dfa90746f62f864eadc07740e3,exact_duplicate,suhas/Images/Leaf Rust/04701.jpg,
Brown Rust,suhas,suhas,Images/Leaf Rust/12231.jpg,d0040f321a887aa2496a8699baf34c0dd08341f7cb3bca952545ee1a5e1e3b6c,exact_duplicate,suhas/Images/Leaf Rust/04711.jpg,
Brown Rust,suhas,suhas,Images/Leaf Rust/12241.jpg,d818c932f91e0d5d968ecfa3cb4ece6b6f8d27107641e13bced69f46d617167e,exact_duplicate,suhas/Images/Leaf Rust/04721.jpg,
Brown Rust,suhas,suhas,Images/Leaf Rust/12251.jpg,25bda9836517cebb2b58fa4320be160dbebb760aa9cc714e831bc4529bdaf685,exact_duplicate,suhas/Images/Leaf Rust/04741.jpg,
Brown Rust,suhas,suhas,Images/Leaf Rust/12261.jpg,326896e39d4a5fc6b3a9420d4a1fbfb778bb24dd913c2e6295fd3706a5c2472e,exact_duplicate,suhas/Images/Leaf Rust/04751.jpg,
Brown Rust,suhas,suhas,Images/Leaf Rust/12271.jpg,0e2aff2b691e16819fd7a6e90fd2789e66b4d28e49764a589659f8d0416d9d74,exact_duplicate,suhas/Images/Leaf Rust/04761.jpg,
Brown Rust,suhas,suhas,Images/Leaf Rust/12281.jpg,460ab1e0dcc29628742c55a2feda6fa45709c661fc222186697fee3786696ac8,exact_duplicate,suhas/Images/Leaf Rust/04771.jpg,
Brown Rust,suhas,suhas,Images/Leaf Rust/12291.jpg,a95878d52cd4bb3650f9f2f1c271683edf162086c4388d1f9ca1d017c95ff010,exact_duplicate,suhas/Images/Leaf Rust/04781.jpg,
Brown Rust,suhas,suhas,Images/Leaf Rust/12301.jpg,79c231679dcc513a9ffed428c1a472b48fd18ff7ea9ef88a1d2e27b68d5f0e41,exact_duplicate,suhas/Images/Leaf Rust/04791.jpg,
Brown Rust,suhas,suhas,Images/Leaf Rust/12311.jpg,799d1f24ac53e868e40ccd1b847fa1f33447f1d0155c54537e8325822ba8895b,exact_duplicate,suhas/Images/Leaf Rust/04801.jpg,
Brown Rust,suhas,suhas,Images/Leaf Rust/12321.jpg,845e970701d5df068da3a0a00b44bc3c5015295d94c43ed39dc260d72c3fa861,exact_duplicate,suhas/Images/Leaf Rust/04811.jpg,
Brown Rust,suhas,suhas,Images/Leaf Rust/12331.jpg,8f1c5be7d2d23f1a1e83674a82f39b95f51dcea1bb8afc74420f950e10b4bf73,exact_duplicate,suhas/Images/Leaf Rust/04831.jpg,
Brown Rust,suhas,suhas,Images/Leaf Rust/12341.jpg,0a98b6a1d4d8d79568c609deed0b9c37f918b9fd5d29fa4303a6db4b0df938c6,exact_duplicate,suhas/Images/Leaf Rust/04841.jpg,
Brown Rust,suhas,suhas,Images/Leaf Rust/12351.jpg,07439d86c2278540a2f6acf1dd8a9044463b0cc6b2c95fbd831cf1510a1918fc,exact_duplicate,suhas/Images/Leaf Rust/04851.jpg,
Brown Rust,suhas,suhas,Images/Leaf Rust/12361.jpg,54fc2af07656b7db897b17ead7ab96a06d7a9a689ee5c7cc4e11485c2360f1bb,exact_duplicate,suhas/Images/Leaf Rust/04861.jpg,
Brown Rust,suhas,suhas,Images/Leaf Rust/12371.jpg,6391928be2627e5287e7beeb814f1a11cd629743e497cfa067933a4e8ae79bc3,exact_duplicate,suhas/Images/Leaf Rust/04871.jpg,
Brown Rust,suhas,suhas,Images/Leaf Rust/12381.jpg,5b85ec728a4c824e890bb36133111df92dc480699487a3ff47a2fc13b2d995c9,exact_duplicate,suhas/Images/Leaf Rust/04881.jpg,
Brown Rust,suhas,suhas,Images/Leaf Rust/12391.jpg,f61e0e14b37889c26b62923c7d6f1a1d0cf3458d5de5be652c7bbe1c840fd19c,exact_duplicate,suhas/Images/Leaf Rust/04891.jpg,
Brown Rust,suhas,suhas,Images/Leaf Rust/12401.jpg,7260e24c6eb2feb5c9be542dbe22b92fc1b21d3f7327684456f96481dbfc8df8,exact_duplicate,suhas/Images/Leaf Rust/04911.jpg,
Brown Rust,suhas,suhas,Images/Leaf Rust/12411.jpg,66288458952d9f12f1cbbb499ec5e9e53334130e09b06bb069dcf5f6cf5e70fc,exact_duplicate,suhas/Images/Leaf Rust/04921.jpg,
Brown Rust,suhas,suhas,Images/Leaf Rust/12421.jpg,3f09285b4075acda33e01b7f915e13947b9973fe450fa499a53e357e7aee54ac,exact_duplicate,suhas/Images/Leaf Rust/04931.jpg,
Brown Rust,suhas,suhas,Images/Leaf Rust/12431.jpg,251405b8d1b1cee05e09b4637455aff7d8f9c37341912948ae988caab4a3e2fd,exact_duplicate,suhas/Images/Leaf Rust/04941.jpg,
Brown Rust,suhas,suhas,Images/Leaf Rust/12441.jpg,a97560d7146b6e048dddcd038ace192b3e2372c957757cc4d94c82265d603e5b,exact_duplicate,suhas/Images/Leaf Rust/04951.jpg,
Brown Rust,suhas,suhas,Images/Leaf Rust/12451.jpg,e80bb7ef01c5fcedf2a60fcbdda35f74c8c91307c4917adf3678fe2a64191ac4,exact_duplicate,suhas/Images/Leaf Rust/04961.jpg,
Brown Rust,suhas,suhas,Images/Leaf Rust/12461.jpg,40948c85f58ac740f3bc14e300e261d3f02f664e2bed0848118fe7f27a8cd3ef,exact_duplicate,suhas/Images/Leaf Rust/04971.jpg,
Brown Rust,suhas,suhas,Images/Leaf Rust/12471.jpg,46b223e66383e05906f8f18c7765b3eef80fb1a3f4d3b6b6575c1e8677a65e2d,exact_duplicate,suhas/Images/Leaf Rust/04991.jpg,
Brown Rust,suhas,suhas,Images/Leaf Rust/12481.jpg,a20a8028eeb93f90fd451925039b48866e2a52e7dd9287ca4423a621d2ae2a58,exact_duplicate,suhas/Images/Leaf Rust/05001.jpg,
Brown Rust,suhas,suhas,Images/Leaf Rust/12491.jpg,0e2e63fe35ffa51fc25c6638f7403b63243af7e82c21884a6318200da98b39ee,exact_duplicate,suhas/Images/Leaf Rust/05011.jpg,
Brown Rust,suhas,suhas,Images/Leaf Rust/12501.jpg,db204efccd6097b630c91d9a3983375ba0f9b591be692501baf6f01e935a49a4,exact_duplicate,suhas/Images/Leaf Rust/05021.jpg,
Brown Rust,suhas,suhas,Images/Leaf Rust/12511.jpg,9161affa6b9bc31ff508fbca54b74918ac3d005ed1a96e89a99edc055cb7223d,exact_duplicate,suhas/Images/Leaf Rust/05031.jpg,
Brown Rust,suhas,suhas,Images/Leaf Rust/12521.jpg,02cd7d9a2581f40f4bea6cb79903fa6822f08e9c3867897d222fee11fdf01f27,exact_duplicate,suhas/Images/Leaf Rust/05041.jpg,
Brown Rust,suhas,suhas,Images/Leaf Rust/12531.jpg,6854aad651aadd91998a3d3f2ded3f16ef1d2e1110b82ba50f7e78aace396243,exact_duplicate,suhas/Images/Leaf Rust/05051.jpg,
Brown Rust,suhas,suhas,Images/Leaf Rust/12541.jpg,4955f38f3a4c342c0b6f0fad7463e7ac6ca6a6e523d292115b94cbe942d6d7a4,exact_duplicate,suhas/Images/Leaf Rust/05061.jpg,
Brown Rust,suhas,suhas,Images/Leaf Rust/12551.jpg,968125d537ad476f571a07d35b1bc4aa8cb923b12a47b2701bfbd5ab53f4d3d2,exact_duplicate,suhas/Images/Leaf Rust/05071.jpg,
Brown Rust,suhas,suhas,Images/Leaf Rust/12561.jpg,6000f15768c2ad6c9a2c3a46764a2d4aed720778466bc015a888d59d4d884d1d,exact_duplicate,suhas/Images/Leaf Rust/05081.jpg,
Brown Rust,suhas,suhas,Images/Leaf Rust/12571.jpg,40586c7521991531580b6d3c6059b78ccfa62117ca01a5e677ea9fb5d123be89,exact_duplicate,suhas/Images/Leaf Rust/05101.jpg,
Brown Rust,suhas,suhas,Images/Leaf Rust/12581.jpg,c751b4c1dd9d6b344b5a06fb3b0772fab05dbbedd85bb430756aafb8584aebbd,exact_duplicate,suhas/Images/Leaf Rust/05111.jpg,
Brown Rust,suhas,suhas,Images/Leaf Rust/12591.jpg,7ada4bc72fb1579ea94c8e0c5dbbb02758281cce56ea634f23e97ece44b4e875,exact_duplicate,suhas/Images/Leaf Rust/05121.jpg,
Brown Rust,suhas,suhas,Images/Leaf Rust/12601.jpg,3ae7265cc6b1355dd09ff87943e98536bb19545da59152ac196ad68e66f89d09,exact_duplicate,suhas/Images/Leaf Rust/05131.jpg,
Brown Rust,suhas,suhas,Images/Leaf Rust/12611.jpg,2470dd3ab8e0361ec0e483b454d143be9cb5dd19c0cbd963ed5411404647cfb7,exact_duplicate,suhas/Images/Leaf Rust/05141.jpg,
Brown Rust,suhas,suhas,Images/Leaf Rust/12621.jpg,41b2e45e5bb943eee78e9656e30ed2da80ec259753a4f21fba2ea810e3b9533a,exact_duplicate,suhas/Images/Leaf Rust/05151.jpg,
Brown Rust,suhas,suhas,Images/Leaf Rust/12631.jpg,b7f3e134b3db6ba6c8bb3095902fe53335d2c4830ad10c3fb94cd2ee6900dde2,exact_duplicate,suhas/Images/Leaf Rust/05161.jpg,
Brown Rust,suhas,suhas,Images/Leaf Rust/12641.jpg,2766c0fccd5e9fd2a4eff8f3353492bd0508bea9f92d691a9e22e94577dbdba2,exact_duplicate,suhas/Images/Leaf Rust/05171.jpg,
Brown Rust,suhas,suhas,Images/Leaf Rust/12651.jpg,87fc58f9441925f4a24bded68b9e129dbf7e954cfc3adea5599b2e1579470691,exact_duplicate,suhas/Images/Leaf Rust/05181.jpg,
Brown Rust,suhas,suhas,Images/Leaf Rust/12661.jpg,15dc9262461c4cc506e5858e2fa60c9133cffd69a3cfe874eed52b948a196d63,exact_duplicate,suhas/Images/Leaf Rust/05191.jpg,
Brown Rust,suhas,suhas,Images/Leaf Rust/12671.jpg,ebafffff02fa81579370626e83c93fde35c3c5dc8d7db46228f895ba28f56a17,exact_duplicate,suhas/Images/Leaf Rust/05211.jpg,
Brown Rust,suhas,suhas,Images/Leaf Rust/12681.jpg,e207fcd55001c32fb9fe5f5c0a91654fb2a04ec5878efc15d613b86cea37a196,exact_duplicate,suhas/Images/Leaf Rust/05221.jpg,
Brown Rust,suhas,suhas,Images/Leaf Rust/12691.jpg,92faa580b410261fa2523ad01718b8d838a3666f6eba47a57edb52abdad80c3e,exact_duplicate,suhas/Images/Leaf Rust/05231.jpg,
Brown Rust,suhas,suhas,Images/Leaf Rust/12701.jpg,0d700bb8eb2406a9e696ce6ee18ab86cdbb969929c8974ef46e5458981e9beb7,exact_duplicate,suhas/Images/Leaf Rust/05241.jpg,
Brown Rust,suhas,suhas,Images/Leaf Rust/12711.jpg,35ae0b9f1923a601314e44f52f03ce9a97c65a0ed507cb8253b5325a7d507fba,exact_duplicate,suhas/Images/Leaf Rust/05251.jpg,
Brown Rust,suhas,suhas,Images/Leaf Rust/12721.jpg,6e851e64818bbf41b60c70e143c9d0536880ec1026a71cf9b36ae8c67b56699f,exact_duplicate,suhas/Images/Leaf Rust/05261.jpg,
Brown Rust,suhas,suhas,Images/Leaf Rust/12731.jpg,9cfb42786b7a8f4ec0de66b43eb83ee2d1268ee1eba89b23a31dc8adaf42da89,exact_duplicate,suhas/Images/Leaf Rust/05271.jpg,
Brown Rust,suhas,suhas,Images/Leaf Rust/12741.jpg,51425eb1c3647d7bcaf4edf03ea3882fdbaf69205e9f434439e91078028dfc64,exact_duplicate,suhas/Images/Leaf Rust/05281.jpg,
Brown Rust,suhas,suhas,Images/Leaf Rust/12751.jpg,59ac7713d19bb2a92f69af6b11db16fa855b0981fc501c890c459b707705abcb,exact_duplicate,suhas/Images/Leaf Rust/05291.jpg,
Brown Rust,suhas,suhas,Images/Leaf Rust/12761.jpg,3e9d86db78e945314a202499370346cb4967d3f241e3b2163246ae44ea06f93c,exact_duplicate,suhas/Images/Leaf Rust/05301.jpg,
Brown Rust,suhas,suhas,Images/Leaf Rust/12771.jpg,be0b57323c48689b4c910bd4ad9aa2301a49d591dfeee0d77d99802b351c1f52,exact_duplicate,suhas/Images/Leaf Rust/05321.jpg,
Brown Rust,suhas,suhas,Images/Leaf Rust/12781.jpg,5b3cdaf9275917813b567c411f4db189655e8d06eeda505ad1c3839d1a435866,exact_duplicate,suhas/Images/Leaf Rust/05331.jpg,
Brown Rust,suhas,suhas,Images/Leaf Rust/12791.jpg,7a5049c09ca757b1104d903a03229f026ff1e89df7f6ed406f5dd4f62c34a6ef,exact_duplicate,suhas/Images/Leaf Rust/05341.jpg,
Brown Rust,suhas,suhas,Images/Leaf Rust/12801.jpg,04a99015164be993374b6028a3afa08dd956cf1510b61a6c7a5c3d88b118bdca,exact_duplicate,suhas/Images/Leaf Rust/05351.jpg,
Brown Rust,suhas,suhas,Images/Leaf Rust/12811.jpg,f6d4dd8fab78bfc99dd6cb85e17663df418ab80209955263a6f01e4846f0a3c4,exact_duplicate,suhas/Images/Leaf Rust/05361.jpg,
Brown Rust,suhas,suhas,Images/Leaf Rust/12821.jpg,6e2bb9a3aa004af4a0af82da35dfbf96cc8e9ce733da8c88bd57d4421ab1d7d4,exact_duplicate,suhas/Images/Leaf Rust/05371.jpg,
Brown Rust,suhas,suhas,Images/Leaf Rust/12831.jpg,a5cf93200c59242d6649a6604dc8c58b81cd69d1d888ac8ca14f2f348f4d7f22,exact_duplicate,suhas/Images/Leaf Rust/05381.jpg,
Brown Rust,suhas,suhas,Images/Leaf Rust/12841.jpg,6f523ec1cc5f415ee0b07907295646db88d9f2981195bd8ac0eedfe3a18259e5,exact_duplicate,suhas/Images/Leaf Rust/05391.jpg,
Brown Rust,suhas,suhas,Images/Leaf Rust/12851.jpg,f03e850e0a84a7596886759279e6c9bba82bdda9fc6a99ac1c46cb087875ae02,exact_duplicate,suhas/Images/Leaf Rust/05401.jpg,
Brown Rust,suhas,suhas,Images/Leaf Rust/12861.jpg,6387af6f22616bf1a71397e5ce5c5017069cd579ad4be3006063454956635b58,exact_duplicate,suhas/Images/Leaf Rust/05411.jpg,
Brown Rust,suhas,suhas,Images/Leaf Rust/12871.jpg,09c62c145209787d935e79379a117ac0e05ceb3dd972b012017347696235a32f,exact_duplicate,suhas/Images/Leaf Rust/05431.jpg,
Brown Rust,suhas,suhas,Images/Leaf Rust/12881.jpg,9cee627fd7b20290c6c14002177e638e37d776fe95b8455960c6ebc528790674,exact_duplicate,suhas/Images/Leaf Rust/05441.jpg,
Brown Rust,suhas,suhas,Images/Leaf Rust/12891.jpg,a9a03b35eaf7f6cd44cdad164343814f8913b357017b3ca2fb5d7bba09f99e65,exact_duplicate,suhas/Images/Leaf Rust/05451.jpg,
Brown Rust,suhas,suhas,Images/Leaf Rust/12901.jpg,4d587b29b3152cf01d3f23bfdd8859faa1e560e24437fe4c2349a042dcb557d6,exact_duplicate,suhas/Images/Leaf Rust/05461.jpg,
Brown Rust,suhas,suhas,Images/Leaf Rust/12911.jpg,666fa0b82b6941ebcecd166171aea4410feac99c71241cea6131f532f8478d52,exact_duplicate,suhas/Images/Leaf Rust/05471.jpg,
Brown Rust,suhas,suhas,Images/Leaf Rust/12921.jpg,8331d87737f038080394b2a1268f8212672744d9bbccde249bc39dcc49c5311f,exact_duplicate,suhas/Images/Leaf Rust/05481.jpg,
Brown Rust,suhas,suhas,Images/Leaf Rust/12931.jpg,4e5ee82371a01d4997dc55315cbb642c6cee05e8b6c2f301e992bcf11654f369,exact_duplicate,suhas/Images/Leaf Rust/05491.jpg,
Brown Rust,suhas,suhas,Images/Leaf Rust/12941.jpg,ca089466595af3d98a09a0ff9e0a0c9dce3efb001cf65e403461f0d3dec70bd3,exact_duplicate,suhas/Images/Leaf Rust/05501.jpg,
Brown Rust,suhas,suhas,Images/Leaf Rust/12951.jpg,e6c48016a2269ec5b9b3ddd33421f7f8cd4ad3ba28f639098271d94ac7533fce,exact_duplicate,suhas/Images/Leaf Rust/05511.jpg,
Brown Rust,suhas,suhas,Images/Leaf Rust/12961.jpg,19dc367a5448ed13af85660af7448fa69466cd9d8ac9bff022be3ee9af36a7b0,exact_duplicate,suhas/Images/Leaf Rust/05521.jpg,
Brown Rust,suhas,suhas,Images/Leaf Rust/12971.jpg,af466085a274999d97df5ec85407266e32808a212873da59cc6b9924eec1b505,exact_duplicate,suhas/Images/Leaf Rust/05541.jpg,
Brown Rust,suhas,suhas,Images/Leaf Rust/12981.jpg,b6db08038fa52383dc7e72ac8be2a7a89d1827ce5b8d6510f6b4d6bb61953ccb,exact_duplicate,suhas/Images/Leaf Rust/05551.jpg,
Brown Rust,suhas,suhas,Images/Leaf Rust/12991.jpg,f262c3edf2aeb6caa8d7e91988ec9b309b8d4f74d4c0b276fe3af472a16826f5,exact_duplicate,suhas/Images/Leaf Rust/05561.jpg,
Brown Rust,suhas,suhas,Images/Leaf Rust/13011.JPG,b7fb4d88ec514e2a3152f0f50aa488482e281562b5efe8b2b177d67b1fd7afd2,exact_duplicate,suhas/Images/Leaf Rust/05581.JPG,
Brown Rust,suhas,suhas,Images/Leaf Rust/13041.png,74a8b3489e9ece0371bf5e928a02742e8148035c87a73a36195f513a6a2542cb,exact_duplicate,suhas/Images/Leaf Rust/05611.png,
Brown Rust,suhas,suhas,Images/Leaf Rust/13051.jpg,93f966c0bad7038ea9c1f074c5d8645435bec622dc48edd7183e12c6817774e2,exact_duplicate,suhas/Images/Leaf Rust/05621.jpg,
Brown Rust,suhas,suhas,Images/Leaf Rust/13061.JPG,f728c634a01925b13ca3d16be372fa76ddde8471b14b0740481d7acdfe8c93c2,exact_duplicate,suhas/Images/Leaf Rust/01141.JPG,
Brown Rust,suhas,suhas,Images/Leaf Rust/13101.jpg,ca1bf9d9b803162a2a32cb08d3a6d9b236331e0968fac596d314766d1274730d,exact_duplicate,suhas/Images/Leaf Rust/02031.jpg,
Brown Rust,suhas,suhas,Images/Leaf Rust/13131.png,08731f3cf8069dae3472ca45f6c30ac370f7a3d3ecba9152d9ca0d340d9f9ebf,exact_duplicate,suhas/Images/Leaf Rust/05711.png,
Brown Rust,suhas,suhas,Images/Leaf Rust/13141.jpg,087c1736c18a16de50e1319b2f4b13987e0cba8ebc35808990709380e97a2f33,exact_duplicate,suhas/Images/Leaf Rust/05721.jpg,
Brown Rust,suhas,suhas,Images/Leaf Rust/13151.jpg,10797700c71d656b7283dec9cede25c0f328ee5729f52780ba96c6855f9463d0,exact_duplicate,suhas/Images/Leaf Rust/05731.jpg,
Brown Rust,suhas,suhas,Images/Leaf Rust/13161.jpg,93c4c99da8c3dbf03c30bfbe749377261a7f2558cb6cbbf6875846c0b22b872f,exact_duplicate,suhas/Images/Leaf Rust/05741.jpg,
Brown Rust,suhas,suhas,Images/Leaf Rust/13171.JPG,f5fa6d9193e8ab068d2f78d7452a8ba92ae95ba46c0765485636fa48fcc2ca73,exact_duplicate,suhas/Images/Leaf Rust/05761.JPG,
Brown Rust,suhas,suhas,Images/Leaf Rust/13181.jpg,fa77e62a1db5b9e8e6347d895b7e1381dee5c0f530421d12401c3a846f9d0783,exact_duplicate,suhas/Images/Leaf Rust/05771.jpg,
Brown Rust,suhas,suhas,Images/Leaf Rust/13211.jpg,8531fb29a2c591b19baf0538401fbb501d3818d301d8ab852ba242e0598f2b02,exact_duplicate,suhas/Images/Leaf Rust/05801.jpg,
Brown Rust,suhas,suhas,Images/Leaf Rust/13231.jpg,2a5a0265db5c787de23ec379a2664d4ea124d09a10b02b3bf42125935eddb7e4,exact_duplicate,suhas/Images/Leaf Rust/05821.jpg,
Brown Rust,suhas,suhas,Images/Leaf Rust/13241.jpg,31fcb2ab3d51a988ab3cb22e20be5d46853adad8bcc7de3f0f52cdbe964efaa7,exact_duplicate,suhas/Images/Leaf Rust/05831.jpg,
Brown Rust,suhas,suhas,Images/Leaf Rust/13251.png,a44154aee362ccc42bb7af6383e1800781379752625be630096a9b0dfefc71f6,exact_duplicate,suhas/Images/Leaf Rust/05841.png,
Brown Rust,suhas,suhas,Images/Leaf Rust/13261.jpg,b4550c7165eec9764f216b155fce53f11f3af782d88a08d558dd38f592833e35,exact_duplicate,suhas/Images/Leaf Rust/05851.jpg,
Brown Rust,suhas,suhas,Images/Leaf Rust/13271.jpg,5b6ae6f2c74cdc0c7c57b0cd8cf83381afece137098acbb77bb404675b10d4cb,exact_duplicate,suhas/Images/Leaf Rust/05871.jpg,
Brown Rust,suhas,suhas,Images/Leaf Rust/13281.jpg,2babb74f65d9b3ca5e7414dbbff4ee06ebf80991e92865612020a968759362bb,exact_duplicate,suhas/Images/Leaf Rust/05881.jpg,
Brown Rust,suhas,suhas,Images/Leaf Rust/13291.png,c097494dd4326044b28298c9b72044b77cd0c49c50de352b834e9f269eeb4939,exact_duplicate,suhas/Images/Leaf Rust/05891.png,
Brown Rust,suhas,suhas,Images/Leaf Rust/13301.jpg,601de27599ae0cdef69666991c26a1d0e0a44d4490742319c4ce39c658140d22,exact_duplicate,suhas/Images/Leaf Rust/01701.jpg,
Brown Rust,suhas,suhas,Images/Leaf Rust/13311.jpg,feacca6c6b12b2c47356cf90c06c320009c5933ae9fc2d5a95f9179ed4842a57,exact_duplicate,suhas/Images/Leaf Rust/05911.jpg,
Brown Rust,suhas,suhas,Images/Leaf Rust/13321.jpg,16ce72985e344d36ea7bc75ffe587c1e065a6e3b2f2d322cd5389caae32a5529,exact_duplicate,suhas/Images/Leaf Rust/05921.jpg,
Brown Rust,suhas,suhas,Images/Leaf Rust/13331.jpg,dc5ef290481e6ef71e3670cd8651a0b2b78ff57d8723aa72ac4586c567dabc35,exact_duplicate,suhas/Images/Leaf Rust/05931.jpg,
Brown Rust,suhas,suhas,Images/Leaf Rust/13351.JPG,ca2ddce5a7513448a2c6391e3683ba8d264c20e896b1a030bf12faf67c4518ea,exact_duplicate,suhas/Images/Leaf Rust/05951.JPG,
Brown Rust,suhas,suhas,Images/Leaf Rust/13361.jpg,139c15e33b70a9d65b1851674caed0dd94e5eb5c4e1a12fdb96b5673d1a68c82,exact_duplicate,suhas/Images/Leaf Rust/05961.jpg,
Brown Rust,suhas,suhas,Images/Leaf Rust/13401.jpg,19d63af06232cb6b78aa3017c172c57cc88db2951559bce4d8795d5763379287,exact_duplicate,suhas/Images/Leaf Rust/00071.jpg,
Brown Rust,suhas,suhas,Images/Leaf Rust/13421.jpg,baac27072d907218ed56972b99394420e38695938f0550251b02ffdd335ab3ac,exact_duplicate,suhas/Images/Leaf Rust/06031.jpg,
Brown Rust,suhas,suhas,Images/Leaf Rust/13491.jpg,d75fa015efaf9f6ba33cc4e6f715cd323af6d5b308da224edb5ad59a12b51955,exact_duplicate,suhas/Images/Leaf Rust/06111.jpg,
Brown Rust,suhas,suhas,Images/Leaf Rust/13501.jpg,172d568f68e601f81088d838b58c13edccec01ada61f39dfd97d689b65a0736b,exact_duplicate,suhas/Images/Leaf Rust/06121.jpg,
Brown Rust,suhas,suhas,Images/Leaf Rust/13511.jpg,3daa8af4ddd8a5ba1a1773761c15e5ab780ab0d2998ccddfa34281bcfa255c0b,exact_duplicate,suhas/Images/Leaf Rust/06131.jpg,
Brown Rust,suhas,suhas,Images/Leaf Rust/13521.jpg,35e55f2a1b504c68871464cc0e27556a506c89954e009e5c4936b8686b144a92,exact_duplicate,suhas/Images/Leaf Rust/06141.jpg,
Brown Rust,suhas,suhas,Images/Leaf Rust/13531.jpg,06005aa6295d10055653f27a65b8ddfa00dbd78657cda37e5598ab26e8c89013,exact_duplicate,suhas/Images/Leaf Rust/06151.jpg,
Brown Rust,suhas,suhas,Images/Leaf Rust/13541.jpg,50d740c09311b59a7ef87ee3e82ac5b02790a0108c5dc49b52392565ef17325c,exact_duplicate,suhas/Images/Leaf Rust/06161.jpg,
Brown Rust,suhas,suhas,Images/Leaf Rust/13551.jpg,5ca96f5bdfd1faf7a0ce9c2c2f91a4bfd969a85c09287baf37d0265116940950,exact_duplicate,suhas/Images/Leaf Rust/06171.jpg,
Brown Rust,suhas,suhas,Images/Leaf Rust/13561.jpg,f1952f48fe1f25b07e25b9730227f52b68c49c29230c22756abec91136273961,exact_duplicate,suhas/Images/Leaf Rust/06181.jpg,
Brown Rust,suhas,suhas,Images/Leaf Rust/13571.jpg,0a2acf8fa50eaa6550458d00b27ffda4d1da618b2b5d6d29ce264a4bc1c03dde,exact_duplicate,suhas/Images/Leaf Rust/06201.jpg,
Brown Rust,suhas,suhas,Images/Leaf Rust/13591.jpg,819b49880aaa059b688fdf30e3c586dfb734768fbaa0cd45aa257b4f4a4f14bf,exact_duplicate,suhas/Images/Leaf Rust/06221.jpg,
Brown Rust,suhas,suhas,Images/Leaf Rust/13601.JPG,5499c5e099ede2adf4934a7b81a4fa948979cb30e0a1bda9e6b130c2f7186d9d,exact_duplicate,suhas/Images/Leaf Rust/06231.JPG,
Brown Rust,suhas,suhas,Images/Leaf Rust/13611.JPG,012888e4941e09fbbedff9ad9fdd6b2caa97b055e4dfe1136a62f8552563cfe0,exact_duplicate,suhas/Images/Leaf Rust/06241.JPG,
Brown Rust,suhas,suhas,Images/Leaf Rust/13631.jpg,8dc813671955ce33267b6803e8ca23d75a0254ff3271d620f86bb717461f266e,exact_duplicate,suhas/Images/Leaf Rust/00061.jpg,
Brown Rust,suhas,suhas,Images/Leaf Rust/13651.jpg,a3cc72c002278c192026b7dac633924dd158eb0ac62e5c079026374aff963739,exact_duplicate,suhas/Images/Leaf Rust/06291.jpg,
Brown Rust,suhas,suhas,Images/Leaf Rust/13671.jpg,de7a62b09aaabb3c256065f77f58280ac32bc320db10030e99acef50edd7e8d8,exact_duplicate,suhas/Images/Leaf Rust/06311.jpg,
Brown Rust,suhas,suhas,Images/Leaf Rust/13681.jpg,f4e3f1f39de79cfc87073ef5261b0cb6dc1faa8397db593f01db9a560db705c3,exact_duplicate,suhas/Images/Leaf Rust/06321.jpg,
Brown Rust,suhas,suhas,Images/Leaf Rust/13691.jpg,1fb2afcbbf49ccfb470f9e814321f1c84376d08208de4c96b7dd95e6f50a3cd3,exact_duplicate,suhas/Images/Leaf Rust/06331.jpg,
Brown Rust,suhas,suhas,Images/Leaf Rust/13711.jpg,d8d52da1fe238da3165d98d0739df627c95466580b6c6bd5a17db546f446cfbc,exact_duplicate,suhas/Images/Leaf Rust/06351.jpg,
Brown Rust,suhas,suhas,Images/Leaf Rust/13721.jpg,5cfaf18ac9a2495a8f06f6218eab1c3ded469bdf9dac6bc3a035190f2f4eb8d3,exact_duplicate,suhas/Images/Leaf Rust/06361.jpg,
Brown Rust,suhas,suhas,Images/Leaf Rust/13741.jpg,637cee723e60292a35ad2e5409295392534eb91b27511ac900d017ff09a1c3b5,exact_duplicate,suhas/Images/Leaf Rust/06381.jpg,
Brown Rust,suhas,suhas,Images/Leaf Rust/13761.jpg,ca5cd20c0666d38ff038b1fb4cc8a1469ea7ce979c04fa0418200cb6c65cbb7a,exact_duplicate,suhas/Images/Leaf Rust/06411.jpg,
Brown Rust,suhas,suhas,Images/Leaf Rust/13771.jpg,17231dbe0c978009e161280d011684ca4520df1fb0fa2e595c63cc132eb523bb,exact_duplicate,suhas/Images/Leaf Rust/02021.jpg,
Brown Rust,suhas,suhas,Images/Leaf Rust/13781.jpg,c9b5276f46ce8aee2bd08fd86b466e619f90ef4d11e4c1fd30229054d7024c1a,exact_duplicate,suhas/Images/Leaf Rust/06431.jpg,
Brown Rust,suhas,suhas,Images/Leaf Rust/13801.png,a874bb1f651be5176c8c13def3d2699f25203edc0c713bd3ffe6d0386c69adf7,exact_duplicate,suhas/Images/Leaf Rust/06451.png,
Brown Rust,suhas,suhas,Images/Leaf Rust/13811.JPG,3c8fecd18b2873da65106d70fd81c4c085f0f2a0822a4dee1405f52d9b02d54d,exact_duplicate,suhas/Images/Leaf Rust/00731.JPG,
Brown Rust,suhas,suhas,Images/Leaf Rust/13821.jpg,16e54c44d4b107e83e6ed3c10ba6e699055f9d09ef555fddd0d78014419af42e,exact_duplicate,suhas/Images/Leaf Rust/01051.jpg,
Brown Rust,suhas,suhas,Images/Leaf Rust/13831.JPG,6a4b65cb4669acbce3ef7d99839b3fe4383851d84317699eac1ecfdc633be02d,exact_duplicate,suhas/Images/Leaf Rust/06481.JPG,
Brown Rust,suhas,suhas,Images/Leaf Rust/13841.jpg,69c87eead6fdeb3bda68b715c9c8afb50da740fe57db41667139d15ff6f8b897,exact_duplicate,suhas/Images/Leaf Rust/06491.jpg,
Brown Rust,suhas,suhas,Images/Leaf Rust/13851.jpg,37e60d12d4c4c7de09f1a2f7d3f152d7f1a066bcd780cfe0a18dd4b84c294a62,exact_duplicate,suhas/Images/Leaf Rust/06511.jpg,
Brown Rust,suhas,suhas,Images/Leaf Rust/13861.JPG,e398726384d7bf4fadd10d82814a9689ae007ae9a0d624e5db959a459a134a27,exact_duplicate,suhas/Images/Leaf Rust/06521.JPG,
Brown Rust,suhas,suhas,Images/Leaf Rust/13871.jpg,59a48c0d09ad47cf2fa22a3031bd04ffd2f432d6510c1d84cec676e23805d40b,exact_duplicate,suhas/Images/Leaf Rust/06531.jpg,
Brown Rust,suhas,suhas,Images/Leaf Rust/13881.jpg,11c56e211ec1805f754edbd46755e0b3f9bdd222e3d9dd5e8020bfabbb744379,exact_duplicate,suhas/Images/Leaf Rust/01031.jpg,
Brown Rust,suhas,suhas,Images/Leaf Rust/13901.png,3086b24074035a8f4c085e4cfc6c106daa119fb85dd9315da0c86caac7522f24,exact_duplicate,suhas/Images/Leaf Rust/06561.png,
Brown Rust,suhas,suhas,Images/Leaf Rust/13911.jpg,3ffc02fb56f6a254a5882013a3a9a980c03aee6ac2938bf51f0bc9f6e9add9c3,exact_duplicate,suhas/Images/Leaf Rust/06571.jpg,
Brown Rust,suhas,suhas,Images/Leaf Rust/13921.jpg,135795839a1440834321788bb65b728ccd633243e7102bf76b6e385b80ba42b4,exact_duplicate,suhas/Images/Leaf Rust/06581.jpg,
Brown Rust,suhas,suhas,Images/Leaf Rust/13931.png,7e7b7249e0eae21c4ffbba3e2f0572b18664442550e873d25870d18db9c38a5a,exact_duplicate,suhas/Images/Leaf Rust/06591.png,
Brown Rust,suhas,suhas,Images/Leaf Rust/13941.png,962e868cfe75231a5f7c628d6e0f86645d9fad98ad888e0f577264e860cbac7b,exact_duplicate,suhas/Images/Leaf Rust/00851.png,
Brown Rust,suhas,suhas,Images/Leaf Rust/13951.png,59a4d436569c611d2ccb4d7d9b8fbb8f77d74e76a90a7ea1a3b4ddc54cef8d13,exact_duplicate,suhas/Images/Leaf Rust/06621.png,
Brown Rust,suhas,suhas,Images/Leaf Rust/13991.png,9f2cf40c8963887d213f2a769957b33b37973fe209b859400cf5eac63f84dc53,exact_duplicate,suhas/Images/Leaf Rust/06661.png,
Brown Rust,suhas,suhas,Images/Leaf Rust/14001.jpg,18c628044e2efcf278223c51569555052a1e64b93de6960f3b9b39c49c1f7bb0,exact_duplicate,suhas/Images/Leaf Rust/06671.jpg,
Brown Rust,suhas,suhas,Images/Leaf Rust/14011.JPG,8ff739c5fc2e5bc5841d0fb3ece66972abaeeec6c1619877a8a77a9391daf80c,exact_duplicate,suhas/Images/Leaf Rust/06681.JPG,
Brown Rust,suhas,suhas,Images/Leaf Rust/14021.JPG,45c4937b10e0e97e1f28ad9064b4486164807c3799616fa9af219bf7872cc31f,exact_duplicate,suhas/Images/Leaf Rust/06691.JPG,
Brown Rust,suhas,suhas,Images/Leaf Rust/14041.jpg,5b6ae6f2c74cdc0c7c57b0cd8cf83381afece137098acbb77bb404675b10d4cb,exact_duplicate,suhas/Images/Leaf Rust/05871.jpg,
Brown Rust,suhas,suhas,Images/Leaf Rust/14071.jpg,93f966c0bad7038ea9c1f074c5d8645435bec622dc48edd7183e12c6817774e2,exact_duplicate,suhas/Images/Leaf Rust/05621.jpg,
Brown Rust,suhas,suhas,Images/Leaf Rust/14081.JPG,87285a997c2181c7de4e03f419fcbb61fd6168bbe9b750caf5fa9ea0aa1ef4cd,exact_duplicate,suhas/Images/Leaf Rust/06761.JPG,
Brown Rust,suhas,suhas,Images/Leaf Rust/14101.jpg,1f10affa6c11a83aca9015d9a3a71f0019d8bcb5bd90fd343814ec74d61d91a1,exact_duplicate,suhas/Images/Leaf Rust/00971.jpg,
Brown Rust,suhas,suhas,Images/Leaf Rust/14111.jpg,f99f6e50288a51623daa0ee825b3e4a914ff1cbbf31aab19292b222a07216f5b,exact_duplicate,suhas/Images/Leaf Rust/06791.jpg,
Brown Rust,suhas,suhas,Images/Leaf Rust/14141.JPG,24390b4791cb92beec13120ad6f0231b9c978f15f77406173293a0a3334f5d63,exact_duplicate,suhas/Images/Leaf Rust/06831.JPG,
Brown Rust,suhas,suhas,Images/Leaf Rust/14151.jpg,e2335df3d8c9def1ca295fb529c8e1a385cf0d0bdbd58661606237840154d81b,exact_duplicate,suhas/Images/Leaf Rust/06841.jpg,
Brown Rust,suhas,suhas,Images/Leaf Rust/14161.JPG,56884273a6e0bcb5c2ef2a106087bb178db18deb9ccf4417be0bad666f684338,exact_duplicate,suhas/Images/Leaf Rust/06851.JPG,
Brown Rust,suhas,suhas,Images/Leaf Rust/14171.JPG,2e11b66a0a40e9945fcc8bf64f0ed45ce6b852db5a2c0073415ee0d4ce639eb1,exact_duplicate,suhas/Images/Leaf Rust/06861.JPG,
Brown Rust,suhas,suhas,Images/Leaf Rust/14191.jpg,59494ec9bb1b06d0b3f80a48b024aa850a80a23e82bd69996b22a1b9c33a0a9f,exact_duplicate,suhas/Images/Leaf Rust/06881.jpg,
Brown Rust,suhas,suhas,Images/Leaf Rust/14201.jpg,d11b15d7118145f3d76ceb19718f387417f444f261757c13dfd2cfdba3097f43,exact_duplicate,suhas/Images/Leaf Rust/06891.jpg,
Brown Rust,suhas,suhas,Images/Leaf Rust/14211.jpg,c7945f80d84e8b3b163791e1b665af878e3dc578801d97a88bb0e3a014758c51,exact_duplicate,suhas/Images/Leaf Rust/06901.jpg,
Brown Rust,suhas,suhas,Images/Leaf Rust/14221.JPG,50366012ebcfa8f93c84de3b1298341102e5cc829f056eb808777b00856dd003,exact_duplicate,suhas/Images/Leaf Rust/06911.JPG,
Brown Rust,suhas,suhas,Images/Leaf Rust/14231.jpg,67c2dd8e45fd00410a759ef80c95a6cd07b3418a69a33dc2bc5da13d0b360c2f,exact_duplicate,suhas/Images/Leaf Rust/06921.jpg,
Brown Rust,suhas,suhas,Images/Leaf Rust/14241.jpg,c0df4f4f356d37292dc4c8d39e7e76d9daf53bfdcbed3fa28c9cc9226105cb05,exact_duplicate,suhas/Images/Leaf Rust/06941.jpg,
Brown Rust,suhas,suhas,Images/Leaf Rust/14251.jpg,045154f470f315c7c0707e3dfa5c202209df9389d0e47b0cbfe426a817102b89,exact_duplicate,suhas/Images/Leaf Rust/06951.jpg,
Brown Rust,suhas,suhas,Images/Leaf Rust/14261.jpg,0f60f5aaa552e14dd2ccfd1708613276ed02e5e112bdff735c3d22985e9857d6,exact_duplicate,suhas/Images/Leaf Rust/06961.jpg,
Brown Rust,suhas,suhas,Images/Leaf Rust/14271.jpg,3155af0c1fb24b0920782c8a13edd5a158d8b1c914b8eb392ddd7f929be4cf2c,exact_duplicate,suhas/Images/Leaf Rust/06971.jpg,
Brown Rust,suhas,suhas,Images/Leaf Rust/14281.jpg,f00e7ec5ef0cf0dd530e1cd95122878e323b722bbe3517c753edda9fbe723672,exact_duplicate,suhas/Images/Leaf Rust/06981.jpg,
Brown Rust,suhas,suhas,Images/Leaf Rust/14291.jpg,e509d89e0462b6bfdb27e581a8d259c5b0f5e7a77af5bac3babcf9e495e64e90,exact_duplicate,suhas/Images/Leaf Rust/06991.jpg,
Brown Rust,suhas,suhas,Images/Leaf Rust/14301.jpg,c924d93c0a921cb29116598a0a142b2f0924ddab7d845bfc0c5839c8ed951c9a,exact_duplicate,suhas/Images/Leaf Rust/07001.jpg,
Brown Rust,suhas,suhas,Images/Leaf Rust/14321.jpg,9b29ccc05dd9dd3c9739cce7dd3a920b8bfe8e1cfa369b56aeaad0baa24a88a4,exact_duplicate,suhas/Images/Leaf Rust/07021.jpg,
Brown Rust,suhas,suhas,Images/Leaf Rust/14331.JPG,62d2ae6ab16e4a58bd5e7c796f1b5cf48ad93b22478612e392e459ab275afb0a,exact_duplicate,suhas/Images/Leaf Rust/07031.JPG,
Brown Rust,suhas,suhas,Images/Leaf Rust/14351.jpg,0ef9c3cfdc91b6c61fee7956523cd1c553f63f219ccc10772d36ce101e85d628,exact_duplicate,suhas/Images/Leaf Rust/07061.jpg,
Brown Rust,suhas,suhas,Images/Leaf Rust/14371.jpg,f9ca3f000897d2767e711570124ffedcc7589e752e50ddf7a7c925751e1ca873,exact_duplicate,suhas/Images/Leaf Rust/01101.jpg,
Brown Rust,suhas,suhas,Images/Leaf Rust/14381.JPG,1643e7c8b94f7c4634cb19700404e8b3b04dfbcd99ab8f70727080572796495f,exact_duplicate,suhas/Images/Leaf Rust/02571.JPG,
Brown Rust,suhas,suhas,Images/Leaf Rust/14391.jpg,0a7b009acded54862c81e350759838c6a512cc0d66e9a6b38462c969feceba56,exact_duplicate,suhas/Images/Leaf Rust/07101.jpg,
Brown Rust,suhas,suhas,Images/Leaf Rust/14411.jpg,6aa04893bf60ae90b5623f0f411d6f728f6e985a2e616067c8047c8f13286e5f,exact_duplicate,suhas/Images/Leaf Rust/07121.jpg,
Brown Rust,suhas,suhas,Images/Leaf Rust/14421.jpg,2364719fcd86800d8d73533f177fa5d7b286a0db8734075fde6383675395f928,exact_duplicate,suhas/Images/Leaf Rust/07131.jpg,
Brown Rust,suhas,suhas,Images/Leaf Rust/14431.jpg,f254d6bfeb5ea66e37fe2e36550c5cff26a5fb020e0f649a23e368a0d24539b1,exact_duplicate,suhas/Images/Leaf Rust/07141.jpg,
Brown Rust,suhas,suhas,Images/Leaf Rust/14441.jpg,4870b8cd9bc651a4c35c9fb1f4fcffe3120cf33e779696a2934ba7bf874bbf5b,exact_duplicate,suhas/Images/Leaf Rust/07161.jpg,
Brown Rust,suhas,suhas,Images/Leaf Rust/14451.jpg,aaddff7bc28c2f1fbc9465a48e135164c71a4a9de31f3bd639093c286e808dc2,exact_duplicate,suhas/Images/Leaf Rust/07171.jpg,
Brown Rust,suhas,suhas,Images/Leaf Rust/14461.jpg,bb04ba6f4b2105171eb8f722978ba7f7c9bbcb10a55b618c9d263586a1471ef9,exact_duplicate,suhas/Images/Leaf Rust/07181.jpg,
Brown Rust,suhas,suhas,Images/Leaf Rust/14471.jpg,98df79cc10d42654761f8633e1b274f5a144fdc0bf9852043574b40c6bac6118,exact_duplicate,suhas/Images/Leaf Rust/07191.jpg,
Brown Rust,suhas,suhas,Images/Leaf Rust/14481.jpg,e39ca71b86a5b469fd1a630998e4592ed7034f32bfad80533f81be6dad962b55,exact_duplicate,suhas/Images/Leaf Rust/07201.jpg,
Brown Rust,suhas,suhas,Images/Leaf Rust/14491.jpg,13cedd10cdd9ffb6ea86228734767d083a792e4647a39fc0373e029bdce9a3c0,exact_duplicate,suhas/Images/Leaf Rust/07211.jpg,
Brown Rust,suhas,suhas,Images/Leaf Rust/14501.jpg,d0b061547520c0c5fe9a51ade1979347b5aed539a5a38d7771a19fa7973b60fa,exact_duplicate,suhas/Images/Leaf Rust/07221.jpg,
Brown Rust,suhas,suhas,Images/Leaf Rust/14511.jpg,8d43ec581829842b6f036f8507d427b730c50280e3f4019363b0cc8a841f4f11,exact_duplicate,suhas/Images/Leaf Rust/07231.jpg,
Brown Rust,suhas,suhas,Images/Leaf Rust/14521.jpg,2eb1092edb2c59459ed61f813608f28d4c9e6d1161ff5b461f48fe44f26f5128,exact_duplicate,suhas/Images/Leaf Rust/07241.jpg,
Brown Rust,suhas,suhas,Images/Leaf Rust/14531.jpg,e303b0982c85537373b88db99cedb246841268b962296ff2f980717800ea15f7,exact_duplicate,suhas/Images/Leaf Rust/07261.jpg,
Brown Rust,suhas,suhas,Images/Leaf Rust/14551.jpg,95c7eaa6103ee34e74b1596d215d3c06f3cc7c50005da55241c5e509b7be0c07,exact_duplicate,suhas/Images/Leaf Rust/07281.jpg,
Brown Rust,suhas,suhas,Images/Leaf Rust/14561.jpg,240af77dab9927ba9351ea11c569d251406ae7498569c1a17ef1fbee7baf28cb,exact_duplicate,suhas/Images/Leaf Rust/07291.jpg,
Brown Rust,suhas,suhas,Images/Leaf Rust/14571.jpg,9d1b421682d6b92221e306e5741f153b51b6256876c12fc4080ade059301226f,exact_duplicate,suhas/Images/Leaf Rust/07301.jpg,
Brown Rust,suhas,suhas,Images/Leaf Rust/14581.jpg,966f5e5cc9f3a46d43add955f0c2a8ed6ecf98fc291fbd5a93c304773def5626,exact_duplicate,suhas/Images/Leaf Rust/07311.jpg,
Brown Rust,suhas,suhas,Images/Leaf Rust/14591.jpg,a97909a8faf3b446de213abc25837aac4d344c6a10a81e023f38e3afe689039b,exact_duplicate,suhas/Images/Leaf Rust/07321.jpg,
Brown Rust,suhas,suhas,Images/Leaf Rust/14601.jpg,2e804ac71a034dd4a04873ee781f01f13e7b83ca9a5b9079e9b1aa2982bf0973,exact_duplicate,suhas/Images/Leaf Rust/07331.jpg,
Brown Rust,suhas,suhas,Images/Leaf Rust/14611.jpg,a485af85224e8a1df0ebf94ddb4ed8accca2f4e9aa6d27836c6773c24489d2a3,exact_duplicate,suhas/Images/Leaf Rust/07341.jpg,
Brown Rust,suhas,suhas,Images/Leaf Rust/14621.jpg,6180c131ee9314527d8e75dd26f814ff336db48a684cc712b571050841eba740,exact_duplicate,suhas/Images/Leaf Rust/07351.jpg,
Brown Rust,suhas,suhas,Images/Leaf Rust/14631.jpg,10d9280b1d0cd4c5facfe9e09cf2da439ef7831c8ebb1f6adf598711f12fad0b,exact_duplicate,suhas/Images/Leaf Rust/07371.jpg,
Brown Rust,suhas,suhas,Images/Leaf Rust/14641.jpg,631e24833044a7f9a883ab4cc9846466c88a0cc1adf9c5dbbc84bde28bd8dcb5,exact_duplicate,suhas/Images/Leaf Rust/07381.jpg,
Brown Rust,suhas,suhas,Images/Leaf Rust/14651.jpg,cc543698066e2c627fb782f04f04f36f467eac239901060c451c9fd1ef996425,exact_duplicate,suhas/Images/Leaf Rust/07391.jpg,
Brown Rust,suhas,suhas,Images/Leaf Rust/14661.jpg,a10f20113a7f1e6667d27e79c9781ec70eb53bda23e037a8d612fa0631c3f1df,exact_duplicate,suhas/Images/Leaf Rust/07401.jpg,
Brown Rust,suhas,suhas,Images/Leaf Rust/14671.jpg,ca1f390d4d8781528f9daec5312231c130936708815e41b85e55dd60cc633162,exact_duplicate,suhas/Images/Leaf Rust/07411.jpg,
Brown Rust,suhas,suhas,Images/Leaf Rust/14681.jpg,9e316a2d3cff11478a074bde61fd0bd3dc41a8e768650671e4e1a5cf3e71f1fb,exact_duplicate,suhas/Images/Leaf Rust/07421.jpg,
Brown Rust,suhas,suhas,Images/Leaf Rust/14731.jpg,22c2a1d96cfae274d073f2b35eb757636e220df8c715e8cb66234987c9e50c4b,exact_duplicate,suhas/Images/Leaf Rust/07481.jpg,
Brown Rust,suhas,suhas,Images/Leaf Rust/14741.JPG,39269137257a6de2e9a1fba5fe60c5c198951f1645da58b69115af73af527a19,exact_duplicate,suhas/Images/Leaf Rust/00771.JPG,
Brown Rust,suhas,suhas,Images/Leaf Rust/14791.jpg,b782eabe814a55502dd6e5cd7275d73d4a90d669cd0f96c0688111cf3e114072,exact_duplicate,suhas/Images/Leaf Rust/07541.jpg,
Brown Rust,suhas,suhas,Images/Leaf Rust/14821.JPG,012888e4941e09fbbedff9ad9fdd6b2caa97b055e4dfe1136a62f8552563cfe0,exact_duplicate,suhas/Images/Leaf Rust/06241.JPG,
Brown Rust,suhas,suhas,Images/Leaf Rust/14861.jpg,73d327aae47f54ff69cbb13473c8e60b9c6d7b68975c938e04bcc319bea6f0ca,exact_duplicate,suhas/Images/Leaf Rust/07621.jpg,
Brown Rust,suhas,suhas,Images/Leaf Rust/14871.jpg,fe856f30216bc453d28716d34b6962f6d329a4f3240dcace4e0ad7d8a2097b2b,exact_duplicate,suhas/Images/Leaf Rust/07631.jpg,
Brown Rust,suhas,suhas,Images/Leaf Rust/14881.jpg,0acb42a783c3fff6c36331605b2be8be22ead83d40f0854f0c9611478c0df260,exact_duplicate,suhas/Images/Leaf Rust/07641.jpg,
Brown Rust,suhas,suhas,Images/Leaf Rust/14891.jpg,d92ddca0b2eaf6ea0b4450a77db79ea8e3bf7bfc128397c15a1ed604655ce81f,exact_duplicate,suhas/Images/Leaf Rust/07651.jpg,
Brown Rust,suhas,suhas,Images/Leaf Rust/14901.JPG,bad0a73851fd7fe8ab5e52ee9b8e108c7b2f95bf7c54957ccd33702d6accf670,exact_duplicate,suhas/Images/Leaf Rust/01731.JPG,
Brown Rust,suhas,suhas,Images/Leaf Rust/14911.png,28744ac4481adb34d2d5afbf1ca763e71b7f4b04433ab4420cc27c9b0ebc26f6,exact_duplicate,suhas/Images/Leaf Rust/07671.png,
Brown Rust,suhas,suhas,Images/Leaf Rust/14921.png,8ce2514f5c6df8c5f9d5bdb27430dfad0f6c6de74480dc198a0c67ace3b8e253,exact_duplicate,suhas/Images/Leaf Rust/07681.png,
Brown Rust,suhas,suhas,Images/Leaf Rust/14931.jpg,62d7fba280d79fadd6a9899e9d6fd511638cbebe96f5f137c66a5ac0de8f53be,exact_duplicate,suhas/Images/Leaf Rust/07701.jpg,
Brown Rust,suhas,suhas,Images/Leaf Rust/14941.JPG,50366012ebcfa8f93c84de3b1298341102e5cc829f056eb808777b00856dd003,exact_duplicate,suhas/Images/Leaf Rust/06911.JPG,
Brown Rust,suhas,suhas,Images/Leaf Rust/14951.JPG,6a4b65cb4669acbce3ef7d99839b3fe4383851d84317699eac1ecfdc633be02d,exact_duplicate,suhas/Images/Leaf Rust/06481.JPG,
Brown Rust,suhas,suhas,Images/Leaf Rust/14981.JPG,65fff766368f4c5b4d3410110a16340a7942ce2b6a90dc0751be709975692dc4,exact_duplicate,suhas/Images/Leaf Rust/07751.JPG,
Brown Rust,suhas,suhas,Images/Leaf Rust/14991.jpg,a0d66f8fdab91d5af038acf88c510b8a5f454ade06080b59d8ddc3642c6ea26b,exact_duplicate,suhas/Images/Leaf Rust/07761.jpg,
Brown Rust,suhas,suhas,Images/Leaf Rust/15001.jpg,af6d16031e2d6f0198845cb0272231c0df9d579e9cec1e4c837cdb5a1d56d72e,exact_duplicate,suhas/Images/Leaf Rust/07771.jpg,
Brown Rust,suhas,suhas,Images/Leaf Rust/15011.jpg,a38384d2a5eb1e2b1d991ebf1d00c90f6db0419fd88da787788772e83a354df7,exact_duplicate,suhas/Images/Leaf Rust/07781.jpg,
Brown Rust,suhas,suhas,Images/Leaf Rust/15021.jpg,9ab679fa79b9c64582869514b243c0c1232d1a447c3ff95cda9f8a6e034cc433,exact_duplicate,suhas/Images/Leaf Rust/07791.jpg,
Brown Rust,suhas,suhas,Images/Leaf Rust/15031.png,73489b2963bc9d67b90ef15301c638a315676b6e66a5e2ce6c6a0c403b2d7738,exact_duplicate,suhas/Images/Leaf Rust/07811.png,
Brown Rust,suhas,suhas,Images/Leaf Rust/15041.jpg,de6f1c1570be5e4a02ae5dd6ab5d509a26b18a779338d33e081c9b3bcbad3e04,exact_duplicate,suhas/Images/Leaf Rust/07821.jpg,
Brown Rust,suhas,suhas,Images/Leaf Rust/15051.jpg,1c657238ed26afc00ebed7b13ef49cbb773ad55df29690ff7ff4c257d095de34,exact_duplicate,suhas/Images/Leaf Rust/07831.jpg,
Brown Rust,suhas,suhas,Images/Leaf Rust/15061.jpg,3a14b95e6eff92808d69fed31aa0261b1560d98e91dba8bc3f5ebe82dd003d1b,exact_duplicate,suhas/Images/Leaf Rust/07841.jpg,
Brown Rust,suhas,suhas,Images/Leaf Rust/15071.jpg,392772d1ff8fe49d9ecd2337b3ad95461f8613b4ee76af7f3c36327104022479,exact_duplicate,suhas/Images/Leaf Rust/07851.jpg,
Brown Rust,suhas,suhas,Images/Leaf Rust/15081.jpg,1df49efb6160a7a4c4605fe3246bd06a2cec5f3e8da7ff4e3d3823ec2982b958,exact_duplicate,suhas/Images/Leaf Rust/07861.jpg,
Brown Rust,suhas,suhas,Images/Leaf Rust/15091.jpg,4e927be263eeea272c25f11f1078a53bed2f16a8eaf8e5ab0a4e72ffde99026e,exact_duplicate,suhas/Images/Leaf Rust/07871.jpg,
Brown Rust,suhas,suhas,Images/Leaf Rust/15101.jpg,197effad842cc42d7031df8b69c0b101eb4a7538528fda7b78026e2356fb6019,exact_duplicate,suhas/Images/Leaf Rust/07881.jpg,
Brown Rust,suhas,suhas,Images/Leaf Rust/15111.jpg,0bbc468955e5681f93a657e05fa0ff9e4553b970de893277ebb7708a50aecb50,exact_duplicate,suhas/Images/Leaf Rust/07891.jpg,
Brown Rust,suhas,suhas,Images/Leaf Rust/15121.jpg,e7f24f695b3f5917720df0d60d7a59e2380ab3f26dfa6891e09bfe64406572fa,exact_duplicate,suhas/Images/Leaf Rust/07901.jpg,
Brown Rust,suhas,suhas,Images/Leaf Rust/15131.jpg,22aec693bb7f5eed801e0fe632be3af0325c658bc25f2b73f2f0b3fee1ca608e,exact_duplicate,suhas/Images/Leaf Rust/07921.jpg,
Brown Rust,suhas,suhas,Images/Leaf Rust/15141.jpg,d8ae649706d8cb9816738265636f23beec74a3614a98fa1fa5ddce912f69a452,exact_duplicate,suhas/Images/Leaf Rust/07931.jpg,
Brown Rust,suhas,suhas,Images/Leaf Rust/15151.jpg,7da5968c35263b410a0f6ee730d7a1d1d3632b0ae14d395628152fbede290b4a,exact_duplicate,suhas/Images/Leaf Rust/07941.jpg,
Brown Rust,suhas,suhas,Images/Leaf Rust/15161.jpg,906d9112dbf771853d8555c64c710ecf12f8bb4f6d6c06ec312d360671b4cc9e,exact_duplicate,suhas/Images/Leaf Rust/07951.jpg,
Brown Rust,suhas,suhas,Images/Leaf Rust/15171.jpg,495e6e10ad319734e947dfa40ceea64c46744070ccfba5bdb74cb0539eefbc8f,exact_duplicate,suhas/Images/Leaf Rust/07961.jpg,
Brown Rust,suhas,suhas,Images/Leaf Rust/15191.jpg,bf21d6df46e9baec181f33ec697686374a1c3320745ba7049e23746c87120156,exact_duplicate,suhas/Images/Leaf Rust/07981.jpg,
Brown Rust,suhas,suhas,Images/Leaf Rust/15201.jpg,edd476f2cafb12233ef471f24fab21ad17ee95a27d752f97f9e4bf7d847d0bef,exact_duplicate,suhas/Images/Leaf Rust/07991.jpg,
Brown Rust,suhas,suhas,Images/Leaf Rust/15211.jpg,0bbf4c01df621fdefb6ab487b7f2c1ac46991867b1eaac079c6cc80bdd37259d,exact_duplicate,suhas/Images/Leaf Rust/08001.jpg,
Brown Rust,suhas,suhas,Images/Leaf Rust/15221.jpg,629355572a5d1ef91e3fc5c474811a51250fb2a36e3cbf00a5e7acbeaaa6b8d3,exact_duplicate,suhas/Images/Leaf Rust/08011.jpg,
Brown Rust,suhas,suhas,Images/Leaf Rust/15231.jpg,eb3e43e9a2d4439f863fc07ee2135eb11c75a8bc08cb30cf0d8159f4408d316b,exact_duplicate,suhas/Images/Leaf Rust/08031.jpg,
Brown Rust,suhas,suhas,Images/Leaf Rust/15241.jpg,de9c87b1954a7066a796c3837914aaad396e55c1caff1c5609ab1cf5e077c915,exact_duplicate,suhas/Images/Leaf Rust/08041.jpg,
Brown Rust,suhas,suhas,Images/Leaf Rust/15251.jpg,c29d7b6cc501ec2c5601c344acae30dad1e58ded954bd24c49afe23f5cfad4ad,exact_duplicate,suhas/Images/Leaf Rust/08051.jpg,
Brown Rust,suhas,suhas,Images/Leaf Rust/15261.jpg,f570689ea8a7c92628521fbab5863f29963121185b744687bdf6af9b62a1b5a9,exact_duplicate,suhas/Images/Leaf Rust/08061.jpg,
Brown Rust,suhas,suhas,Images/Leaf Rust/15271.jpg,75c5cd1811595329566bf97f4cb711c103ffaa9b14cf271345db61e92ffa4d59,exact_duplicate,suhas/Images/Leaf Rust/08071.jpg,
Brown Rust,suhas,suhas,Images/Leaf Rust/15281.jpg,d6187807323f66ac020ad8868267a4dcfb20119d031447d2739c6335616e8681,exact_duplicate,suhas/Images/Leaf Rust/08081.jpg,
Brown Rust,suhas,suhas,Images/Leaf Rust/15291.jpg,a6e8dc3176ecea3acabf66081c89d04b035f1ea29bcc0531c5ff354369839269,exact_duplicate,suhas/Images/Leaf Rust/08091.jpg,
Brown Rust,suhas,suhas,Images/Leaf Rust/15301.jpg,a915779530b9f1871cbab1ef2b937fb7f562a48fe5fb6b6b8289f97c2ec83ea1,exact_duplicate,suhas/Images/Leaf Rust/08101.jpg,
Brown Rust,suhas,suhas,Images/Leaf Rust/15311.jpg,ea3c6ec7ce3f69eded79ab7675187bf247bd55b74061cdfb0f70f0941ede301f,exact_duplicate,suhas/Images/Leaf Rust/08111.jpg,
Brown Rust,suhas,suhas,Images/Leaf Rust/15321.jpg,05c234a4d8b5e8ce8c8f7ee9cff89115d6267961cd68093306d48f3346fc822f,exact_duplicate,suhas/Images/Leaf Rust/08121.jpg,
Brown Rust,suhas,suhas,Images/Leaf Rust/15331.jpg,93b1aabb73945294592ffa5c2091aa0cba3f5f3185eca11d10487ee68d6fb14b,exact_duplicate,suhas/Images/Leaf Rust/08141.jpg,
Brown Rust,suhas,suhas,Images/Leaf Rust/15341.jpg,a786e8ace91c9a3fdcd6db177736f4f6d645a2e0a45026a804874357515203f0,exact_duplicate,suhas/Images/Leaf Rust/08151.jpg,
Brown Rust,suhas,suhas,Images/Leaf Rust/15351.jpg,7bb6b3292ff766ce71bf401629ac56d4a9f099a75e81e0e779e756f195df70df,exact_duplicate,suhas/Images/Leaf Rust/08161.jpg,
Brown Rust,suhas,suhas,Images/Leaf Rust/15361.jpg,0b7c47d2dcab176fd149ff22b2aa29b2bc82e32a6252f8231346c272a908add3,exact_duplicate,suhas/Images/Leaf Rust/08171.jpg,
Brown Rust,suhas,suhas,Images/Leaf Rust/15371.jpg,9c642d3394aec8f7c535e16420467e5a2c6f78067e8bbd779b21f2a68ba4fabd,exact_duplicate,suhas/Images/Leaf Rust/08181.jpg,
Brown Rust,suhas,suhas,Images/Leaf Rust/15381.jpg,9aea689ab75ccdcc4a87f4c1b8f2ecaee1705be18f780575d833043255233470,exact_duplicate,suhas/Images/Leaf Rust/08191.jpg,
Brown Rust,suhas,suhas,Images/Leaf Rust/15391.jpg,ed947718f4fd0b51c366be2ce8a0c645f7cfedd5574b1ee7a4c152b502d9f83f,exact_duplicate,suhas/Images/Leaf Rust/08201.jpg,
Brown Rust,suhas,suhas,Images/Leaf Rust/15401.jpg,eccab5c5b68a6ec80e1cb06a32850a7d1b898494b4e7d93fc9c57282c8919775,exact_duplicate,suhas/Images/Leaf Rust/08211.jpg,
Brown Rust,suhas,suhas,Images/Leaf Rust/15411.jpg,7839d68f21eaa34c5b259d19af87938a55e062bbae84ac4da3eed019cb31508c,exact_duplicate,suhas/Images/Leaf Rust/08221.jpg,
Brown Rust,suhas,suhas,Images/Leaf Rust/15421.jpg,8ce343c2be85a4cdabfcb516a4d4c34f916011315be5a325120116a1e0bbfcbd,exact_duplicate,suhas/Images/Leaf Rust/08231.jpg,
Brown Rust,suhas,suhas,Images/Leaf Rust/15431.jpg,e7f0289741e22e7a1ac0ad10210ef92c2579f3c8e9eed1329223a40fc3a8391f,exact_duplicate,suhas/Images/Leaf Rust/08251.jpg,
Brown Rust,suhas,suhas,Images/Leaf Rust/15441.jpg,c1102faa651e1419ca2611bc6e762ca36f564aa2f9a42cd90b0fd7ef6d46b089,exact_duplicate,suhas/Images/Leaf Rust/08261.jpg,
Brown Rust,suhas,suhas,Images/Leaf Rust/15451.jpg,6f428caa18ffb4fe978d708f2b20e18fe50e08d7f3c7154c06f6e1ec0f36eb4d,exact_duplicate,suhas/Images/Leaf Rust/08271.jpg,
Brown Rust,suhas,suhas,Images/Leaf Rust/15461.jpg,aa2af1090e38781c19cddf96807d8eb77e2c035b1f0c0a8049cca5b8ebc6ebba,exact_duplicate,suhas/Images/Leaf Rust/08281.jpg,
Brown Rust,suhas,suhas,Images/Leaf Rust/15471.jpg,70c0fa0b9af07ad940d045ef96087e7a6818987b1c1841be0802b6ed9ff2f27e,exact_duplicate,suhas/Images/Leaf Rust/08291.jpg,
Brown Rust,suhas,suhas,Images/Leaf Rust/15481.jpg,c89032237c2f7f2ce2e64ce05166a600a14f5c041d135091a98ee2184b61e061,exact_duplicate,suhas/Images/Leaf Rust/08301.jpg,
Brown Rust,suhas,suhas,Images/Leaf Rust/15491.jpg,d300c222fa95e54a934097438c65f01db624346bdb67e22bccfc158b4eb5120b,exact_duplicate,suhas/Images/Leaf Rust/08311.jpg,
Brown Rust,suhas,suhas,Images/Leaf Rust/15501.jpg,41d42ae4864bc6027b1ef7b6fe2cde98e594fb5f4a670acc146beb74e9898831,exact_duplicate,suhas/Images/Leaf Rust/08321.jpg,
Brown Rust,suhas,suhas,Images/Leaf Rust/15511.jpg,9586b467049325f7367a5f0f8df66e79f0bb341060af75cf408fbd818678b72a,exact_duplicate,suhas/Images/Leaf Rust/08331.jpg,
Brown Rust,suhas,suhas,Images/Leaf Rust/15521.jpg,8d84f258847bbc21d5aac96a182025f21dfc80e891286704b28d000c505945b9,exact_duplicate,suhas/Images/Leaf Rust/08341.jpg,
Brown Rust,suhas,suhas,Images/Leaf Rust/15531.jpg,e5ee34d43799c727fc78ebf867b02c54c106353f5d10320058d7284d40f57f58,exact_duplicate,suhas/Images/Leaf Rust/08361.jpg,
Brown Rust,suhas,suhas,Images/Leaf Rust/15541.jpg,d2a6031776d9adf59c66effb85356f6da9299d38c2f81f8bb970ef0074b2b776,exact_duplicate,suhas/Images/Leaf Rust/08371.jpg,
Brown Rust,suhas,suhas,Images/Leaf Rust/15551.jpg,87b5c470d06ba5730e6f5db4574e64e4b1d60cd37f8e9b20eaa863f2ec17a82b,exact_duplicate,suhas/Images/Leaf Rust/08381.jpg,
Brown Rust,suhas,suhas,Images/Leaf Rust/15561.jpg,7ccb5c686dc3b644a8dddcc8d6348e962325670d71650bd2ee03b4e450bb2584,exact_duplicate,suhas/Images/Leaf Rust/08391.jpg,
Brown Rust,suhas,suhas,Images/Leaf Rust/15571.jpg,a42427614ce8a95e4ed32883f7b7e1a7a4fdf0525fffca7cc50511dd12901a22,exact_duplicate,suhas/Images/Leaf Rust/08401.jpg,
Brown Rust,suhas,suhas,Images/Leaf Rust/15581.jpg,2d82f259d3a26f17f05f0d1fc5e3aabe9b861257314a82b0ba7a1442736e78b6,exact_duplicate,suhas/Images/Leaf Rust/08411.jpg,
Brown Rust,suhas,suhas,Images/Leaf Rust/15591.jpg,aa73058e4be70e7b4bc31cdb55627a4b19045787e80100df5074f112a92c78b0,exact_duplicate,suhas/Images/Leaf Rust/08421.jpg,
Brown Rust,suhas,suhas,Images/Leaf Rust/15601.jpg,a9e33b0b423bc6cf67749dee3ac28d720cfb40e63cda2c824b1c3156c794d3ec,exact_duplicate,suhas/Images/Leaf Rust/08431.jpg,
Brown Rust,suhas,suhas,Images/Leaf Rust/15611.jpg,55b79a38ce395df56ec315e4748941587ccf81555f7f7786e1ccbe9db07c5e0c,exact_duplicate,suhas/Images/Leaf Rust/08441.jpg,
Brown Rust,suhas,suhas,Images/Leaf Rust/15621.jpg,9dbf698146370ac1073614e0c128c5494ca6d0e00a60357bc2726a92f12e09d0,exact_duplicate,suhas/Images/Leaf Rust/08451.jpg,
Brown Rust,suhas,suhas,Images/Leaf Rust/15631.jpg,985ffe971681181290e8184892c243942209539ce5320bf94113978f51221a7e,exact_duplicate,suhas/Images/Leaf Rust/08471.jpg,
Brown Rust,suhas,suhas,Images/Leaf Rust/15641.jpg,791ee33a32122af63bf88b5fac0c551e250b5aba757ad7f49d04d6fdf27bac4c,exact_duplicate,suhas/Images/Leaf Rust/08481.jpg,
Brown Rust,suhas,suhas,Images/Leaf Rust/15651.jpg,18f268eb64117c9a51ad9dae847e1d37a2d923be7e0d0367f9f4b8af2cc3e4f9,exact_duplicate,suhas/Images/Leaf Rust/08491.jpg,
Brown Rust,suhas,suhas,Images/Leaf Rust/15661.jpg,563913c2b3d6e16b63a63ef236088702e4d6bbaa4aa3ce9304a607b3c073d201,exact_duplicate,suhas/Images/Leaf Rust/08501.jpg,
Brown Rust,suhas,suhas,Images/Leaf Rust/15671.jpg,c1b7aec2d7480867630a46991c809024949a89ddb45eda81a2c375932533c3c4,exact_duplicate,suhas/Images/Leaf Rust/08511.jpg,
Brown Rust,suhas,suhas,Images/Leaf Rust/15681.jpg,a9f8e465c687de230c8ba5956246bd0ca72190f4464e7fdb07c9e2574c4007c4,exact_duplicate,suhas/Images/Leaf Rust/08521.jpg,
Brown Rust,suhas,suhas,Images/Leaf Rust/15691.jpg,d69a29e1d9fd058d817c65f768227a4087204d0964422ded6473cab9b8409f30,exact_duplicate,suhas/Images/Leaf Rust/08531.jpg,
Brown Rust,suhas,suhas,Images/Leaf Rust/15701.jpg,75535fd22c5349b69720ec498691af9ac6f61828a55f0802d2d8055b6d2d8e17,exact_duplicate,suhas/Images/Leaf Rust/08541.jpg,
Brown Rust,suhas,suhas,Images/Leaf Rust/15711.jpg,402fbea12b7441ff2c52e38127826bc7a5d121dec7babfa1943017d0d0addd6c,exact_duplicate,suhas/Images/Leaf Rust/08551.jpg,
Brown Rust,suhas,suhas,Images/Leaf Rust/15721.jpg,eb7f39a120b3eb2a12adaed9b4eae24fc2b031970e33b56eda4309085a4b523e,exact_duplicate,suhas/Images/Leaf Rust/08561.jpg,
Brown Rust,suhas,suhas,Images/Leaf Rust/15731.jpg,435cef3d7ba131d6437064164b2cd831c14be5d9712caf44f2db05fc579892ce,exact_duplicate,suhas/Images/Leaf Rust/08581.jpg,
Brown Rust,suhas,suhas,Images/Leaf Rust/15741.jpg,6c1172762804f631cd29c63a55137516b0354d4835855273de10c0c263cc8c33,exact_duplicate,suhas/Images/Leaf Rust/08591.jpg,
Brown Rust,suhas,suhas,Images/Leaf Rust/15751.jpg,cb5bee8e086c9ff25818e41f92643e4b231bd24f4aecbe2bed94285fa63aa999,exact_duplicate,suhas/Images/Leaf Rust/08601.jpg,
Brown Rust,suhas,suhas,Images/Leaf Rust/15761.jpg,4ecca15317b5dec162711c353d3a8ad62eed8819868711ee974951fc7be74378,exact_duplicate,suhas/Images/Leaf Rust/08611.jpg,
Brown Rust,suhas,suhas,Images/Leaf Rust/15771.jpg,70bc5e96cd505bb7deca0808b6f48f39499520b6d0ab42cd1a6a8546e9959bab,exact_duplicate,suhas/Images/Leaf Rust/08621.jpg,
Brown Rust,suhas,suhas,Images/Leaf Rust/15781.jpg,3a5e253b26dfef6b1079d0802a385e7b716422990367cf508184e2e30335ea70,exact_duplicate,suhas/Images/Leaf Rust/08631.jpg,
Brown Rust,suhas,suhas,Images/Leaf Rust/15791.jpg,3fc4ce29d442ba8564ac8edb92fbf59283a0ecd15f2ac577945a56234d849b59,exact_duplicate,suhas/Images/Leaf Rust/08641.jpg,
Brown Rust,suhas,suhas,Images/Leaf Rust/15801.jpg,0421d126151a99ea52e669f6754944b0a16c850b541adc430e6cabeda4a61afa,exact_duplicate,suhas/Images/Leaf Rust/08651.jpg,
Brown Rust,suhas,suhas,Images/Leaf Rust/15811.jpg,6d5c363407c7243e99edc52664c68b2afb312f3a5231efd86c790fe938823810,exact_duplicate,suhas/Images/Leaf Rust/08661.jpg,
Brown Rust,suhas,suhas,Images/Leaf Rust/15821.jpg,06cee3dd7de4bdf8f5116ca55d9683f0f31fff37e2024865b5b7212b52de1d9c,exact_duplicate,suhas/Images/Leaf Rust/08671.jpg,
Brown Rust,suhas,suhas,Images/Leaf Rust/15831.jpg,19c3d21267d16c00dd21c0ae53cf5029f39d930c76e6d1058cbf2627820a91e9,exact_duplicate,suhas/Images/Leaf Rust/08691.jpg,
Brown Rust,suhas,suhas,Images/Leaf Rust/15841.jpg,6797fa1683fd99cfd5fb4b84eecacdb351809c7a870b4e48da21b8e911deeda0,exact_duplicate,suhas/Images/Leaf Rust/08701.jpg,
Brown Rust,suhas,suhas,Images/Leaf Rust/15851.png,2c6f761da4fa819201ca23389588d66ded5799a167f65e2ce6f018aea0cef492,exact_duplicate,suhas/Images/Leaf Rust/08711.png,
Brown Rust,suhas,suhas,Images/Leaf Rust/15861.jpg,0c4e9747ae73316dd87e02ebde55cf31b726afe31401c99726d2d54ffd3a5a5e,exact_duplicate,suhas/Images/Leaf Rust/01321.jpg,
Brown Rust,suhas,suhas,Images/Leaf Rust/15871.JPG,184e13afe858c8cd7fd5b30684c43f87b5e3b02ebc1015129ab1641b42c34f5e,exact_duplicate,suhas/Images/Leaf Rust/08731.JPG,
Brown Rust,suhas,suhas,Images/Leaf Rust/15891.JPG,fc3b11f523c9a7e73a28e3bc8722ef67d88c9e113088d2f311164ad4dd18969d,exact_duplicate,suhas/Images/Leaf Rust/00171.JPG,
Brown Rust,suhas,suhas,Images/Leaf Rust/15901.JPG,f8cf103ff53a73438d06d080237212ef51174843365d35e2805e032b8eee1a69,exact_duplicate,suhas/Images/Leaf Rust/08761.JPG,
Brown Rust,suhas,suhas,Images/Leaf Rust/15921.jpg,2fe239d468688abd28e8070f19c43d51d86e1e5697b9e7dfab315179360f87ad,exact_duplicate,suhas/Images/Leaf Rust/08791.jpg,
Brown Rust,suhas,suhas,Images/Leaf Rust/15931.jpg,50da9b02b3e240cf1e766f827a12a9dd624c15fb137ece88d5bef2a7550af388,exact_duplicate,suhas/Images/Leaf Rust/08801.jpg,
Brown Rust,suhas,suhas,Images/Leaf Rust/15961.JPG,10ff29fcaec4907df0a0c41f6c8f34937f14570706383993dd61532bdef8cda7,exact_duplicate,suhas/Images/Leaf Rust/08831.JPG,
Brown Rust,suhas,suhas,Images/Leaf Rust/15971.JPG,8c69378b6aba9f76e8c0366bad21a13b2c004b641dd92ac191db83977b482279,exact_duplicate,suhas/Images/Leaf Rust/08841.JPG,
Brown Rust,suhas,suhas,Images/Leaf Rust/15991.JPG,ca2ddce5a7513448a2c6391e3683ba8d264c20e896b1a030bf12faf67c4518ea,exact_duplicate,suhas/Images/Leaf Rust/05951.JPG,
Brown Rust,suhas,suhas,Images/Leaf Rust/16001.JPG,072fb536cdc835ee53dbf5d991eaa4cbf1b9c2a84274b9c0c18f08969f75797f,exact_duplicate,suhas/Images/Leaf Rust/08871.JPG,
Brown Rust,suhas,suhas,Images/Leaf Rust/16021.jpg,6ea0343749e7a5617cccfe9b7d6c3057681a18bd0b7511f5c2f02b96642cc897,exact_duplicate,suhas/Images/Leaf Rust/08901.jpg,
Brown Rust,suhas,suhas,Images/Leaf Rust/16031.jpg,defcf174808dd882a8de16125c379ec136a9e7a73a661b15a1b207ce7997a55b,exact_duplicate,suhas/Images/Leaf Rust/08911.jpg,
Brown Rust,suhas,suhas,Images/Leaf Rust/16071.jpg,31fcb2ab3d51a988ab3cb22e20be5d46853adad8bcc7de3f0f52cdbe964efaa7,exact_duplicate,suhas/Images/Leaf Rust/05831.jpg,
Brown Rust,suhas,suhas,Images/Leaf Rust/16081.jpg,d8d52da1fe238da3165d98d0739df627c95466580b6c6bd5a17db546f446cfbc,exact_duplicate,suhas/Images/Leaf Rust/06351.jpg,
Brown Rust,suhas,suhas,Images/Leaf Rust/16101.jpg,637cee723e60292a35ad2e5409295392534eb91b27511ac900d017ff09a1c3b5,exact_duplicate,suhas/Images/Leaf Rust/06381.jpg,
Brown Rust,suhas,suhas,Images/Leaf Rust/16141.jpg,14161907613ba80ba968b0020b7ff7615cf7e8ddb2c45d0ef4eb5261410f1279,exact_duplicate,suhas/Images/Leaf Rust/09031.jpg,
Brown Rust,suhas,suhas,Images/Leaf Rust/16161.jpg,70e6c4efeebac090734d63721b15640ce37fd45f6399aec99f76aa8e8137f90f,exact_duplicate,suhas/Images/Leaf Rust/09051.jpg,
Brown Rust,suhas,suhas,Images/Leaf Rust/16171.jpg,d0b061547520c0c5fe9a51ade1979347b5aed539a5a38d7771a19fa7973b60fa,exact_duplicate,suhas/Images/Leaf Rust/07221.jpg,
Brown Rust,suhas,suhas,Images/Leaf Rust/16191.jpg,ad222f9cf29e5263c5d9d239eb91fa09ee043cc678eff6eff48d6b715aab5c2a,exact_duplicate,suhas/Images/Leaf Rust/09081.jpg,
Brown Rust,suhas,suhas,Images/Leaf Rust/16211.JPG,66a8f5e9b0f636de850a41a4417ea84e578c53b4245e198f50ea5b60a9671f12,exact_duplicate,suhas/Images/Leaf Rust/09101.JPG,
Healthy,hg3817,hg3817,Dataset/valid/healthy/loh(84).JPG,47c025aec997673a9868a45e4e3f207b1322976c74d9a100b1efa55d528ef378,exact_duplicate,hg3817/Dataset/train/healthy/loh(54).JPG,
Healthy,mubashar,suhas,test/healthy_wheat/M97WV0.jpg,54a872d80c814c860ff36cdda790b2c335347feb08ccd5695c015d1354f2d3f0,exact_duplicate,mubashar/test/healthy_wheat/89HHA3.jpg,
Healthy,mubashar,suhas,train/healthy_wheat/DOOEWE.jpg,cd9bba0d972ef894efaa7a3aca57b283cc3303ed31b0f98cdb417bceecd8fc70,exact_duplicate,mubashar/train/healthy_wheat/0LBIWV.jpg,
Healthy,mubashar,suhas,train/healthy_wheat/FU88R0.jpg,fdfcffa8d5be6403358e2b9f1441c86480aa94589b0cfd27cc8cc922b6c32afb,exact_duplicate,mubashar/test/healthy_wheat/ZB9CAK.jpg,
Healthy,mubashar,suhas,train/healthy_wheat/HF3I9B.jpg,b084abdedaadf86f557d7243f599de97eb25b386b3e80a69273f8550b7a318bd,exact_duplicate,mubashar/test/healthy_wheat/D55G9F.jpg,
Healthy,mubashar,suhas,train/healthy_wheat/I9JOL9.jpg,d86e87b68d447cd7696f48dff3676c3a9a2ca004168a5f554fd0dfb1df64a867,exact_duplicate,mubashar/train/healthy_wheat/C0KF9A.jpg,
Healthy,mubashar,suhas,train/healthy_wheat/MEWKD5.jpg,99aeb33d9dcbeca166b7adbee5498782f3128d118114c2967f3e6ab43e8da1a3,exact_duplicate,mubashar/train/healthy_wheat/LKI9UG.jpg,
Healthy,mubashar,suhas,train/healthy_wheat/NARWXK.jpg,07e3e991c2433871121c521dad20cd71788c0e11289c28e76ffe90ae1a990b91,exact_duplicate,mubashar/train/healthy_wheat/ICK7X2.jpg,
Healthy,mubashar,suhas,train/healthy_wheat/NP6250.jpg,d9673085269d32cbe4a6959979964e424d80a267b953115c74b8ff7f5f5fa8d9,exact_duplicate,mubashar/train/healthy_wheat/3Q0E0P.jpg,
Healthy,mubashar,suhas,train/healthy_wheat/OAHCEM.jpg,e14450a5cb724a9a4e669835f2a1a7ec434b1ff24d3635abdaa4266d857c0c20,exact_duplicate,mubashar/train/healthy_wheat/508FIK.jpg,
Healthy,mubashar,suhas,train/healthy_wheat/PK4O6O.jpg,098b5a781631f51bb8fbe532d9faa18c4d99fc8fb4a6ab52854fd609c2fd3f49,exact_duplicate,mubashar/test/healthy_wheat/WKOFOG.jpg,
Healthy,mubashar,suhas,train/healthy_wheat/PLB5JZ.jpg,6a5d51f490c484b2f1c84e724047cc7007145b3d22048ab6d360b358173f6c5e,exact_duplicate,mubashar/test/healthy_wheat/WUAVW0.jpg,
Healthy,mubashar,suhas,train/healthy_wheat/QHU0JC.jpg,ba76c440f98c741afe1dabba389c264705b567ea57c4be9d655993a9e0f7873a,exact_duplicate,mubashar/train/healthy_wheat/OV44OF.jpg,
Healthy,mubashar,suhas,train/healthy_wheat/SVTYF9.jpg,7f3b2231e74ae5b0a520b7e16524dd4a975110af6161be680784710dfce2bc9b,exact_duplicate,mubashar/test/healthy_wheat/6ZB3R6.jpg,
Healthy,mubashar,suhas,train/healthy_wheat/UOZCDJ.jpg,3b5b4e992b98bce9df567dcd9bb03188b2f86d27d5db7fde8c22d1a29dae6191,exact_duplicate,mubashar/train/healthy_wheat/3FAKM2.jpg,
Healthy,mubashar,suhas,train/healthy_wheat/VLXEK6.jpg,965247d2449b5c82ce065783de6b15006aef4fd8e67ed192aa25222cae80a3a5,exact_duplicate,mubashar/train/healthy_wheat/CHJDTJ.jpg,
Healthy,mubashar,suhas,train/healthy_wheat/VV0ZC5.jpg,566268564e563acaaa8c77cfcf00daa696215c671f48c6bcb60eea49f977ade1,exact_duplicate,mubashar/train/healthy_wheat/TT74SN.jpg,
Healthy,suhas,suhas,Images/Healthy Wheat/00111.jpg,7b57254ed13d12a8808e6c1dceadecd771e94d0bafcd53a8727eae6902e451a7,exact_duplicate,suhas/Images/Healthy Wheat/00011.jpg,
Healthy,suhas,suhas,Images/Healthy Wheat/00271.jpg,c35b97cb2f3b447430c0ffca583fee597f260a70c65fe4af653b6b9dd506c89f,exact_duplicate,suhas/Images/Healthy Wheat/00021.jpg,
Healthy,suhas,suhas,Images/Healthy Wheat/00731.jpg,a6f4d2add78c61d5e97babdb231d89e37cd1d0af51e8fe5a76a760171de82a2b,exact_duplicate,suhas/Images/Healthy Wheat/00041.jpg,
Healthy,suhas,suhas,Images/Healthy Wheat/01021.jpg,98065bb9a6b9590225b8a6bfceb679d042d989058f475f71667e9be9e56645cb,exact_duplicate,suhas/Images/Healthy Wheat/00051.jpg,
Healthy,suhas,suhas,Images/Healthy Wheat/01041.jpg,98065bb9a6b9590225b8a6bfceb679d042d989058f475f71667e9be9e56645cb,exact_duplicate,suhas/Images/Healthy Wheat/00051.jpg,
Healthy,suhas,suhas,Images/Healthy Wheat/01061.jpg,6a2e04eaaa1af5ad92e2d18e9cb4f9bae1e56069f1ed1000969bbd74706c399a,exact_duplicate,suhas/Images/Healthy Wheat/00071.jpg,
Healthy,suhas,suhas,Images/Healthy Wheat/01071.jpg,0446395d9e5e01ffebfeaefa1022e55f877344e3a03f94eb69ee03ffe8242214,exact_duplicate,suhas/Images/Healthy Wheat/00081.jpg,
Healthy,suhas,suhas,Images/Healthy Wheat/01131.jpg,f5f2298f5433b243f84afa24a487904ff796edef126e0fd32eb35570103cf9f7,exact_duplicate,suhas/Images/Healthy Wheat/00091.jpg,
Healthy,suhas,suhas,Images/Healthy Wheat/01291.jpg,974c2f3080cbc06b7fcf76ebdeff5650c4302987a9b74b6b651ad075b20f8861,exact_duplicate,suhas/Images/Healthy Wheat/00101.jpg,
Healthy,suhas,suhas,Images/Healthy Wheat/01361.jpg,703cf48249f325a7e989e413c0eaa787c72002c59c252113370eab8735f43003,exact_duplicate,suhas/Images/Healthy Wheat/00951.jpg,
Healthy,suhas,suhas,Images/Healthy Wheat/01381.jpg,ec0a4f9059593e4f2796bf7aba7078cb509ba309df9d01c54fc63f81e17fef0d,exact_duplicate,suhas/Images/Healthy Wheat/00121.jpg,
Healthy,suhas,suhas,Images/Healthy Wheat/01411.jpg,9a1589eb78a02b9f5b20a3cb702eae0d28b988e7ea342daef6033a4efc63a891,exact_duplicate,suhas/Images/Healthy Wheat/00131.jpg,
Healthy,suhas,suhas,Images/Healthy Wheat/01421.jpg,7259834f2fd349269ab7338693cec365532e91ed6da93ac263457d2c954d2419,exact_duplicate,suhas/Images/Healthy Wheat/00821.jpg,
Healthy,suhas,suhas,Images/Healthy Wheat/01481.jpg,938a658e36b925ff460a7bb1c3091d62b02682a2ddfbab5c50e5a9ba49dd41d0,exact_duplicate,suhas/Images/Healthy Wheat/00141.jpg,
Healthy,suhas,suhas,Images/Healthy Wheat/01501.jpg,7ee729d453e66b9624655e5052ea687b9e4ffb54f6e2bd437d7e388526a0c691,exact_duplicate,suhas/Images/Healthy Wheat/00151.jpg,
Healthy,suhas,suhas,Images/Healthy Wheat/01831.jpg,918666684d217a0ff7d1c8b2711f7ce2cd94c2b104cb551d3f2698c567dc1311,exact_duplicate,suhas/Images/Healthy Wheat/00161.jpg,
Healthy,suhas,suhas,Images/Healthy Wheat/01901.jpeg,f545e15be2b566b9b6052f2bdf8b727161467c61b34804319c789a501f9b5cf6,exact_duplicate,suhas/Images/Healthy Wheat/00171.jpeg,
Healthy,suhas,suhas,Images/Healthy Wheat/02051.jpg,4ebd85a71bcd2c6eebfbfa3be1e9ea8a2420cb10a0d24d18053d9aca9673a52f,exact_duplicate,suhas/Images/Healthy Wheat/00181.jpg,
Healthy,suhas,suhas,Images/Healthy Wheat/02181.jpg,0218b3cf681ae8702f9a39e004138f9853c11973a80b93d23c4da20a55ca8d51,exact_duplicate,suhas/Images/Healthy Wheat/00201.jpg,
Healthy,suhas,suhas,Images/Healthy Wheat/02191.jpg,bb64b9d55e2cd2d56efc31aa5eb4a5d623ba29aee11ae8de3ea49e65fb7298c7,exact_duplicate,suhas/Images/Healthy Wheat/00211.jpg,
Healthy,suhas,suhas,Images/Healthy Wheat/03201.jpg,239b49679850e0de3cd27a3523e3270767cd456762dc71fa8d2acddd1b5c96a1,exact_duplicate,suhas/Images/Healthy Wheat/00221.jpg,
Healthy,suhas,suhas,Images/Healthy Wheat/03211.jpg,5486ae3c2b37267ecf12302064a9b8de902d5b5512def0586f32b465cb85586e,exact_duplicate,suhas/Images/Healthy Wheat/00231.jpg,
Healthy,suhas,suhas,Images/Healthy Wheat/03221.jpg,ceea58a3d0debbaeb4429e3e23545f94acbfadac622223d18e7b906cf3f8d955,exact_duplicate,suhas/Images/Healthy Wheat/00241.jpg,
Healthy,suhas,suhas,Images/Healthy Wheat/03341.jpg,9ac64effc716d1412e84ea27560b53e4dcc63de274a15397c8bd21573ec03e6a,exact_duplicate,suhas/Images/Healthy Wheat/00251.jpg,
Healthy,suhas,suhas,Images/Healthy Wheat/03531.jpg,24f2102243684510a3aeb8bb2209e733fcc14e36f5c0cadee76b933b8b21efa7,exact_duplicate,suhas/Images/Healthy Wheat/00261.jpg,
Healthy,suhas,suhas,Images/Healthy Wheat/03631.jpg,8992594c443907885ed547a287b80f6b17397ad03681db394e35ca2020875d93,exact_duplicate,suhas/Images/Healthy Wheat/00281.jpg,
Healthy,suhas,suhas,Images/Healthy Wheat/03691.jpg,8e21f2270e2fc7fbc5e42e963bbfbb6d19637b41fe5927463729d58b24c69695,exact_duplicate,suhas/Images/Healthy Wheat/00301.jpg,
Healthy,suhas,suhas,Images/Healthy Wheat/04281.jpg,82a3a33a83f346083164f6b23417bf0fbdcf4f2324432976023fde59a15c63fc,exact_duplicate,suhas/Images/Healthy Wheat/00311.jpg,
Healthy,suhas,suhas,Images/Healthy Wheat/04291.jpg,662c822212303e59d2be2f11237d2e72bd6b3edbc4f484811e7e9e829a17319d,exact_duplicate,suhas/Images/Healthy Wheat/00321.jpg,
Healthy,suhas,suhas,Images/Healthy Wheat/04741.jpg,2773ae78c0f4bbe3854b842fa706667adcb04500d053311ccbb5d752284c96a4,exact_duplicate,suhas/Images/Healthy Wheat/00371.jpg,
Healthy,suhas,suhas,Images/Healthy Wheat/05151.jpg,97a7e8dc5802286c10439464412f62eccb8a3a233648be69629412dba7b477dd,exact_duplicate,suhas/Images/Healthy Wheat/00381.jpg,
Healthy,suhas,suhas,Images/Healthy Wheat/05371.jpg,ecdbd11deadc3f920a0ee3b36f3c8e0aa9a29ad1812042dca23aa0b232460696,exact_duplicate,suhas/Images/Healthy Wheat/00401.jpg,
Healthy,suhas,suhas,Images/Healthy Wheat/05951.jpg,7d56e9987139d1770b42b92cfb47964a822d21471dc6a766c607444fd0519a83,exact_duplicate,suhas/Images/Healthy Wheat/05901.jpg,
Healthy,suhas,suhas,Images/Healthy Wheat/05981.jpg,dd6d600c27702376e9613eab7ee392817459528c3b40413b55bdec0fc399bfc4,exact_duplicate,suhas/Images/Healthy Wheat/01431.jpg,
Healthy,suhas,suhas,Images/Healthy Wheat/06111.jpg,83e8fe634547664d8b6ac39ca1e9b609a6ad473c62dbfe2af4d528e3d23eceaa,exact_duplicate,suhas/Images/Healthy Wheat/06051.jpg,
Healthy,suhas,suhas,Images/Healthy Wheat/06231.jpg,0740899d16e34d3eaf04b5b73cda9df875238e0c14f701a48e100e71fc9afbf9,exact_duplicate,suhas/Images/Healthy Wheat/00561.jpg,
Healthy,suhas,suhas,Images/Healthy Wheat/06251.jpg,627bd27f3ae78eae55fd54aa5e5030a125d8476d842c9ab3f964a86b1e2bf42e,exact_duplicate,suhas/Images/Healthy Wheat/00441.jpg,
Healthy,suhas,suhas,Images/Healthy Wheat/06261.jpg,4b125dfe026e96f69e061c87e128dd32419c53c8e2bef8f3ba0db94c1fd3ebf1,exact_duplicate,suhas/Images/Healthy Wheat/00451.jpg,
Healthy,suhas,suhas,Images/Healthy Wheat/06401.jpg,662c822212303e59d2be2f11237d2e72bd6b3edbc4f484811e7e9e829a17319d,exact_duplicate,suhas/Images/Healthy Wheat/00321.jpg,
Healthy,suhas,suhas,Images/Healthy Wheat/06421.jpg,1ad21c53b89530895091e5d319a0141f8e7fc00c9c8b0a57766fd4788674fbcb,exact_duplicate,suhas/Images/Healthy Wheat/00461.jpg,
Healthy,suhas,suhas,Images/Healthy Wheat/06431.jpg,795c0d6c7df1f11773781761e8a30a9cc3a8687338dc9bb179cea71dfb7171fd,exact_duplicate,suhas/Images/Healthy Wheat/00471.jpg,
Healthy,suhas,suhas,Images/Healthy Wheat/06451.jpg,1b7469a275256acf5d8906ebfd0fc6baaa0a0692dee6f0b921ec3974ce916fb4,exact_duplicate,suhas/Images/Healthy Wheat/00491.jpg,
Healthy,suhas,suhas,Images/Healthy Wheat/06511.jpg,bb346be440123397f30b96fc57d3ec786500bd7521c6311f58bf7d9d42c003e3,exact_duplicate,suhas/Images/Healthy Wheat/06351.jpg,
Healthy,suhas,suhas,Images/Healthy Wheat/06801.jpg,da7838557299d724e4147d9dc29f212033b597732af2d7d30fc3e362ee45c168,exact_duplicate,suhas/Images/Healthy Wheat/06071.jpg,
Healthy,suhas,suhas,Images/Healthy Wheat/06821.jpg,bb173ce3a2649c2d270beec4da2215a27abdc777432d763db96e88d00da7f664,exact_duplicate,suhas/Images/Healthy Wheat/06081.jpg,
Healthy,suhas,suhas,Images/Healthy Wheat/06851.jpg,68a750687506a3f39778a9c50fdd42677441135f2e199a59255a1ac1409e74e7,exact_duplicate,suhas/Images/Healthy Wheat/01191.jpg,
Healthy,suhas,suhas,Images/Healthy Wheat/06871.jpg,9cd26bd1c3988484f57655045146fab5d34bace8606c0a1d956b84f2a18470bc,exact_duplicate,suhas/Images/Healthy Wheat/00501.jpg,
Healthy,suhas,suhas,Images/Healthy Wheat/06891.jpg,40552aa38c38d4bd517eb4c2e88ca6d31274bb36ff7be4e44390c5163968fc0e,exact_duplicate,suhas/Images/Healthy Wheat/00521.jpg,
Healthy,suhas,suhas,Images/Healthy Wheat/06901.jpg,63918701105035457b1752054cb9eeb3bff589607e4136b6c1b388ca9ed1e9c1,exact_duplicate,suhas/Images/Healthy Wheat/00531.jpg,
Healthy,suhas,suhas,Images/Healthy Wheat/06911.jpg,213451622067a9dd0e7f07ba6397339658302ffc7926fafecdf12d29cafce73f,exact_duplicate,suhas/Images/Healthy Wheat/00541.jpg,
Healthy,suhas,suhas,Images/Healthy Wheat/06931.jpg,0740899d16e34d3eaf04b5b73cda9df875238e0c14f701a48e100e71fc9afbf9,exact_duplicate,suhas/Images/Healthy Wheat/00561.jpg,
Healthy,suhas,suhas,Images/Healthy Wheat/06941.jpg,34ca7065b416424d6e9c3cd3de1a57385a4a20b7e3054b4185e9a1557e09243b,exact_duplicate,suhas/Images/Healthy Wheat/00571.jpg,
Healthy,suhas,suhas,Images/Healthy Wheat/06951.jpg,d45cf501b26ce89b72070173e5ff36dbc2574bb5fd0a4285fdf403eb4841771d,exact_duplicate,suhas/Images/Healthy Wheat/00581.jpg,
Healthy,suhas,suhas,Images/Healthy Wheat/06981.jpg,f74fd6e5239cb46c88e0335575e51b29cdea7c87bd2688cfb55a6456e2a90dcc,exact_duplicate,suhas/Images/Healthy Wheat/00611.jpg,
Healthy,suhas,suhas,Images/Healthy Wheat/07021.jpg,e9fbacfb6b86703069dd7ad11e5d539c7e1686b3b87678b66021784c03f5ba59,exact_duplicate,suhas/Images/Healthy Wheat/00651.jpg,
Healthy,suhas,suhas,Images/Healthy Wheat/07031.png,1ad63c330e1a7cb39158e7ce1a922df05e3c367bc0d1063b1044df716fc48fdb,exact_duplicate,suhas/Images/Healthy Wheat/00661.png,
Healthy,suhas,suhas,Images/Healthy Wheat/07061.jpg,23aa9d33874e130fff963fb1242ec9c75979ba5f6c2edcd8910189232153fbc1,exact_duplicate,suhas/Images/Healthy Wheat/00691.jpg,
Healthy,suhas,suhas,Images/Healthy Wheat/07081.jpg,880ab2c5def6d5a753eaefaa5f7e86d850021851e500a71b65408168b964be95,exact_duplicate,suhas/Images/Healthy Wheat/00711.jpg,
Healthy,suhas,suhas,Images/Healthy Wheat/07101.jpg,2b1f231e8e3bbbd6ab4f45a94b419428acce7bcc39595dfaa53ea81964175239,exact_duplicate,suhas/Images/Healthy Wheat/00741.jpg,
Healthy,suhas,suhas,Images/Healthy Wheat/07111.jpg,bbb5c28c58dcb0568369fe32b4e1a87f99db4570537b876035d885b3ff048396,exact_duplicate,suhas/Images/Healthy Wheat/00751.jpg,
Healthy,suhas,suhas,Images/Healthy Wheat/07121.jpg,53ee16a3164c92a0667017eab8b3cc9b833812e28b699393c422f63059ba4fe4,exact_duplicate,suhas/Images/Healthy Wheat/00761.jpg,
Healthy,suhas,suhas,Images/Healthy Wheat/07131.jpg,59f42fa3b907d4c04a6ed34aa2087f98a27ec93a791d55b9f03edb2a9a12b2bb,exact_duplicate,suhas/Images/Healthy Wheat/00771.jpg,
Healthy,suhas,suhas,Images/Healthy Wheat/07151.jpg,f9b84d23bd1c8ab171c2c789494c0b368e31afa0e71cb4307d75963a0fdd0604,exact_duplicate,suhas/Images/Healthy Wheat/00791.jpg,
Healthy,suhas,suhas,Images/Healthy Wheat/07161.jpg,16ea8ef958d65fa5a139d87d6640c357d0d61d0c7ce314595664fa1e2a582bd1,exact_duplicate,suhas/Images/Healthy Wheat/00801.jpg,
Healthy,suhas,suhas,Images/Healthy Wheat/07171.png,2e242238572b4d4a988673f2d7411ccdd5a0b9ec3bc48c50824f5d9205d8cbbd,exact_duplicate,suhas/Images/Healthy Wheat/00811.png,
Healthy,suhas,suhas,Images/Healthy Wheat/07181.jpg,7259834f2fd349269ab7338693cec365532e91ed6da93ac263457d2c954d2419,exact_duplicate,suhas/Images/Healthy Wheat/00821.jpg,
Healthy,suhas,suhas,Images/Healthy Wheat/07211.jpg,1745c9432cb5af76239a9acc456234b7fe902bd49b522971151964f5c86fcded,exact_duplicate,suhas/Images/Healthy Wheat/00851.jpg,
Healthy,suhas,suhas,Images/Healthy Wheat/07221.jpg,6f52778abade2c2769c92370c228e6c721444882a3ebd9bdbfbf68cd01f0e1c8,exact_duplicate,suhas/Images/Healthy Wheat/00861.jpg,
Healthy,suhas,suhas,Images/Healthy Wheat/07231.jpg,1d1b25012a1fcbfd309fde0634ee0431160c247235726dc5fc58d886784f118b,exact_duplicate,suhas/Images/Healthy Wheat/00871.jpg,
Healthy,suhas,suhas,Images/Healthy Wheat/07241.jpg,ccb2b712526b63a3546565d4a8398777c46249e370952a57c8df3c962977c4c6,exact_duplicate,suhas/Images/Healthy Wheat/00881.jpg,
Healthy,suhas,suhas,Images/Healthy Wheat/07281.jpg,9e3e08746f743b7846bfffa7993018bc722783a806a88284f0ee01b2659ae862,exact_duplicate,suhas/Images/Healthy Wheat/00921.jpg,
Healthy,suhas,suhas,Images/Healthy Wheat/07291.jpg,f831b380f71a2c368cb5cfadfed791bc22bff91c16c761bbe7e295e53e6ef61f,exact_duplicate,suhas/Images/Healthy Wheat/00931.jpg,
Healthy,suhas,suhas,Images/Healthy Wheat/07301.jpg,866e0f1d16884806e1ad0229db0aa91a634974bd14fef3f8e535f8a6a4e35b78,exact_duplicate,suhas/Images/Healthy Wheat/00941.jpg,
Healthy,suhas,suhas,Images/Healthy Wheat/07311.jpg,703cf48249f325a7e989e413c0eaa787c72002c59c252113370eab8735f43003,exact_duplicate,suhas/Images/Healthy Wheat/00951.jpg,
Healthy,suhas,suhas,Images/Healthy Wheat/07321.jpg,3850cff7d21d0a156adb9da4698798ef7aa2033c964c5272be0cd43280a17fa1,exact_duplicate,suhas/Images/Healthy Wheat/00961.jpg,
Healthy,suhas,suhas,Images/Healthy Wheat/07331.jpg,79eb09fdd27277714cac7836bc9d9eddbc58f0871f13ce2975f9af43871df5ad,exact_duplicate,suhas/Images/Healthy Wheat/00971.jpg,
Healthy,suhas,suhas,Images/Healthy Wheat/07341.jpg,9929d12c761650ceebdd457577e5b05d2577d4ce965673cc9de0e90f7555caa9,exact_duplicate,suhas/Images/Healthy Wheat/00981.jpg,
Healthy,suhas,suhas,Images/Healthy Wheat/07381.jpg,98065bb9a6b9590225b8a6bfceb679d042d989058f475f71667e9be9e56645cb,exact_duplicate,suhas/Images/Healthy Wheat/00051.jpg,
Healthy,suhas,suhas,Images/Healthy Wheat/07401.jpg,0800591f3792a4163c557641fa71595b2a3d3392ee6f5a6b4a651ed6c806c083,exact_duplicate,suhas/Images/Healthy Wheat/01081.jpg,
Healthy,suhas,suhas,Images/Healthy Wheat/07411.jpg,0502a970cd3017414084f57944268567e692a865fbe5bc8aa89415f23f8f594d,exact_duplicate,suhas/Images/Healthy Wheat/01091.jpg,
Healthy,suhas,suhas,Images/Healthy Wheat/07451.jpg,4a1c2705c766b6e8139f66dbc7fc52b07c24b8fbc52a07f79080ed5560662e0d,exact_duplicate,suhas/Images/Healthy Wheat/01141.jpg,
Healthy,suhas,suhas,Images/Healthy Wheat/07471.jpg,1a7a5dd1f0939e060d7cfd6f0f72f6ee8202848dee0932d4b88e9dfc502b18f9,exact_duplicate,suhas/Images/Healthy Wheat/01161.jpg,
Healthy,suhas,suhas,Images/Healthy Wheat/07481.jpg,40709f0976bf4cc58920a715ec0e6f6b7acdc93d146cb26095a12fd574d99a62,exact_duplicate,suhas/Images/Healthy Wheat/01171.jpg,
Healthy,suhas,suhas,Images/Healthy Wheat/07491.jpg,4cfb8257b5aeb582c3d7fbb869dc5cb84088e80ae694b6c3044a2871e2e2f4af,exact_duplicate,suhas/Images/Healthy Wheat/01181.jpg,
Healthy,suhas,suhas,Images/Healthy Wheat/07501.jpg,68a750687506a3f39778a9c50fdd42677441135f2e199a59255a1ac1409e74e7,exact_duplicate,suhas/Images/Healthy Wheat/01191.jpg,
Healthy,suhas,suhas,Images/Healthy Wheat/07511.jpg,8fd5e730ede96f772ee02552846f47f0f7b5e6f9469aaa48b75b21cd36fc25a1,exact_duplicate,suhas/Images/Healthy Wheat/01201.jpg,
Healthy,suhas,suhas,Images/Healthy Wheat/07521.jpg,87423284156af1aa859d4e32ccc1e1f12c4cbe2f81e67612c615b4679bd04616,exact_duplicate,suhas/Images/Healthy Wheat/01211.jpg,
Healthy,suhas,suhas,Images/Healthy Wheat/07541.jpg,601270c749cc9bae5fa5ab6eca2494fce01020d173363753d386a65707874379,exact_duplicate,suhas/Images/Healthy Wheat/01231.jpg,
Healthy,suhas,suhas,Images/Healthy Wheat/07551.jpg,ed7da78412432ff653718e386e365935b179b0a0ef1abc8b7cc32e3ea294e47c,exact_duplicate,suhas/Images/Healthy Wheat/01241.jpg,
Healthy,suhas,suhas,Images/Healthy Wheat/07561.jpg,8bfb8cf45a7a1bfba614e8c089f3b5cbb29941f82cc01a5e1b6429cfde398dbf,exact_duplicate,suhas/Images/Healthy Wheat/01251.jpg,
Healthy,suhas,suhas,Images/Healthy Wheat/07571.jpg,4f4c4464cded398cc48c59ffa35948360d43be70ba4ee57484b7b11e6396e378,exact_duplicate,suhas/Images/Healthy Wheat/01261.jpg,
Healthy,suhas,suhas,Images/Healthy Wheat/07581.jpg,d0a83ae83975e607186c57bb6ec16f7ddbb3715aa15d691056719397bd728425,exact_duplicate,suhas/Images/Healthy Wheat/01271.jpg,
Healthy,suhas,suhas,Images/Healthy Wheat/07591.jpg,b07ea8d5e9856e71fd3bc06e873fb64b2d7747edd5e67a8808258712fc27c4a1,exact_duplicate,suhas/Images/Healthy Wheat/01281.jpg,
Healthy,suhas,suhas,Images/Healthy Wheat/07601.jpg,c4e0e6df93dfe73bec0cc0978f7697a549e2e064c88cf13a74b3f63cd117f252,exact_duplicate,suhas/Images/Healthy Wheat/01301.jpg,
Healthy,suhas,suhas,Images/Healthy Wheat/07611.png,908d1287a3506b2a8bd359d296b167b010b18a931104fc94ab1b2739f4dc106a,exact_duplicate,suhas/Images/Healthy Wheat/01311.png,
Healthy,suhas,suhas,Images/Healthy Wheat/07621.jpg,77b05591ee3b99d0e5cfbeca2ba641304d46d03943b02f0e5ac9a4ad3bea46fa,exact_duplicate,suhas/Images/Healthy Wheat/01321.jpg,
Healthy,suhas,suhas,Images/Healthy Wheat/07631.jpg,7434f6e949869714860556c74a36d5976c71c5ce6f4c009a665603b499cb13e9,exact_duplicate,suhas/Images/Healthy Wheat/01331.jpg,
Healthy,suhas,suhas,Images/Healthy Wheat/07641.jpg,1346ce0113a4ce91af85989a9fc8d6c32c7e43d953d45043dee485d62116f423,exact_duplicate,suhas/Images/Healthy Wheat/01341.jpg,
Healthy,suhas,suhas,Images/Healthy Wheat/07651.jpg,a83ba910eef64c9c8344e14636a180bdc5cdae67788f8861944bea039b35c252,exact_duplicate,suhas/Images/Healthy Wheat/01351.jpg,
Healthy,suhas,suhas,Images/Healthy Wheat/07661.jpg,703cf48249f325a7e989e413c0eaa787c72002c59c252113370eab8735f43003,exact_duplicate,suhas/Images/Healthy Wheat/00951.jpg,
Healthy,suhas,suhas,Images/Healthy Wheat/07681.jpg,95f92d1a97536b5144b7a21ef1a63cf8aa9264097129f98e795009d8f6412939,exact_duplicate,suhas/Images/Healthy Wheat/01391.jpg,
Healthy,suhas,suhas,Images/Healthy Wheat/07701.jpg,7259834f2fd349269ab7338693cec365532e91ed6da93ac263457d2c954d2419,exact_duplicate,suhas/Images/Healthy Wheat/00821.jpg,
Healthy,suhas,suhas,Images/Healthy Wheat/07711.jpg,dd6d600c27702376e9613eab7ee392817459528c3b40413b55bdec0fc399bfc4,exact_duplicate,suhas/Images/Healthy Wheat/01431.jpg,
Healthy,suhas,suhas,Images/Healthy Wheat/07731.jpeg,d696cebbf79f4cae15120a8c0e09aa7d82eff653f68c2021a1fc77f7edbc1fb7,exact_duplicate,suhas/Images/Healthy Wheat/01451.jpeg,
Healthy,suhas,suhas,Images/Healthy Wheat/07741.jpeg,e0b9113c25715fa064d9a60510ef8ca2f7568be2687898263cfbf914e68b47bf,exact_duplicate,suhas/Images/Healthy Wheat/01461.jpeg,
Healthy,suhas,suhas,Images/Healthy Wheat/07751.jpeg,02e32e1b2d1f1b14bab1ef5248dd353e1915ab06678e42689c4d1ef0502193ab,exact_duplicate,suhas/Images/Healthy Wheat/01471.jpeg,
Healthy,suhas,suhas,Images/Healthy Wheat/07761.jpeg,68d76262d118d9aabab80f59ae7db50e21d4320fb4b57dac5adc6cac15a67956,exact_duplicate,suhas/Images/Healthy Wheat/01491.jpeg,
Healthy,suhas,suhas,Images/Healthy Wheat/07771.jpeg,868979d8c368ce41214d256fc3d86a496c9a39946d990b930c3e027ea936f596,exact_duplicate,suhas/Images/Healthy Wheat/01511.jpeg,
Healthy,suhas,suhas,Images/Healthy Wheat/07781.jpeg,e9c66143df07fbc56b2ef2f483432a543e074b263cbbe3b512bb22bbaf84435f,exact_duplicate,suhas/Images/Healthy Wheat/01521.jpeg,
Healthy,suhas,suhas,Images/Healthy Wheat/07791.jpeg,4aaad05faa9a0a938f5698490628a4e485c929474c2416ff01d4a2ae418ce2be,exact_duplicate,suhas/Images/Healthy Wheat/01531.jpeg,
Healthy,suhas,suhas,Images/Healthy Wheat/07801.jpeg,63602e1984348842e787b13e82d8e4ff91e3e6bcf0b54a841b7bcfd25f265882,exact_duplicate,suhas/Images/Healthy Wheat/01541.jpeg,
Healthy,suhas,suhas,Images/Healthy Wheat/07811.jpeg,fef82c0d41bd31ba1e850137b8c5fbc453c199fc7041a692f5f6ab86512c6c67,exact_duplicate,suhas/Images/Healthy Wheat/01551.jpeg,
Healthy,suhas,suhas,Images/Healthy Wheat/07821.jpeg,c7110df09e200cf8acc7a81d586ecf3b78d52cc984296301ef02b7b548923582,exact_duplicate,suhas/Images/Healthy Wheat/01561.jpeg,
Healthy,suhas,suhas,Images/Healthy Wheat/07831.jpeg,cefe7add27da7ff2100b4a2a5701569015927ff3b9ba386f03f5ef5f3e36450b,exact_duplicate,suhas/Images/Healthy Wheat/01571.jpeg,
Healthy,suhas,suhas,Images/Healthy Wheat/07841.jpeg,e4dfc9ddeb4782f034fd3c1dcaa19ddd270b0ca0fd91cb3004d05eb08d74a6c0,exact_duplicate,suhas/Images/Healthy Wheat/01581.jpeg,
Healthy,suhas,suhas,Images/Healthy Wheat/07851.jpeg,a4dcb67a3c9d3ef64f9b7aa97bd59d8a5d620be78420417d0ffbc3562e593e0e,exact_duplicate,suhas/Images/Healthy Wheat/01591.jpeg,
Healthy,suhas,suhas,Images/Healthy Wheat/07861.jpeg,29705495b6036c3fe36b68bb819a5f7fe044c822665de53386ebcaa977de943d,exact_duplicate,suhas/Images/Healthy Wheat/01601.jpeg,
Healthy,suhas,suhas,Images/Healthy Wheat/07871.jpeg,c86090f486ad14ec0c9565f41a9b52b99a4f284e04341ae2a161fdd058f88efa,exact_duplicate,suhas/Images/Healthy Wheat/01611.jpeg,
Healthy,suhas,suhas,Images/Healthy Wheat/07881.jpeg,77912bf34751b5dc116471b00bd16676a00619dd316e63525dc5b88474004d23,exact_duplicate,suhas/Images/Healthy Wheat/01621.jpeg,
Healthy,suhas,suhas,Images/Healthy Wheat/07891.jpeg,0dded269c5dc558366875cf96ab48233b7995174bc4074b148050f727b04df6f,exact_duplicate,suhas/Images/Healthy Wheat/01631.jpeg,
Healthy,suhas,suhas,Images/Healthy Wheat/07901.jpeg,1e83e02fba25bc708e57e18308f6eb7c10fe5616f90b8f1d8f865f3854a977da,exact_duplicate,suhas/Images/Healthy Wheat/01641.jpeg,
Healthy,suhas,suhas,Images/Healthy Wheat/07911.jpg,a7a31553821b5797e26ebcb4406fae7e54d58ecf1caeef4fcf4b77cc1da8f1da,exact_duplicate,suhas/Images/Healthy Wheat/01651.jpg,
Healthy,suhas,suhas,Images/Healthy Wheat/07921.jpg,93cc1e46118141907ce2a7233974989bad6813f0f5e2d70a0c0ae549873d270f,exact_duplicate,suhas/Images/Healthy Wheat/01661.jpg,
Healthy,suhas,suhas,Images/Healthy Wheat/07931.jpg,80e2226caba57b550d220ebb56fc27b7e22a7e61b3da7ce9bb7432251d7a7f40,exact_duplicate,suhas/Images/Healthy Wheat/01671.jpg,
Healthy,suhas,suhas,Images/Healthy Wheat/07941.jpg,55da02cedc244397d80f695ec085a90dbed1e7beaafc3a746a597cf43b0707b5,exact_duplicate,suhas/Images/Healthy Wheat/01681.jpg,
Healthy,suhas,suhas,Images/Healthy Wheat/07951.jpg,d6e14f3ee10b861826ef17dfbf2bead2b53048f3cb4d7f7a259cc55e60ba5b08,exact_duplicate,suhas/Images/Healthy Wheat/01691.jpg,
Healthy,suhas,suhas,Images/Healthy Wheat/07961.jpg,c73442c142eaca97330285c65724d70328b2cc3f64e86b63b92bf8756ac935e0,exact_duplicate,suhas/Images/Healthy Wheat/01701.jpg,
Healthy,suhas,suhas,Images/Healthy Wheat/07971.jpg,af545a31095dd09f221b8cda82772bc45909f715e342e229e7131f6951314174,exact_duplicate,suhas/Images/Healthy Wheat/01711.jpg,
Healthy,suhas,suhas,Images/Healthy Wheat/07981.jpg,83b6afdf9d53641ebfe4eb209b80d2626eb6ba484d31312803a27e93adf19590,exact_duplicate,suhas/Images/Healthy Wheat/01721.jpg,
Healthy,suhas,suhas,Images/Healthy Wheat/07991.jpg,122a0866ef9c1677d92fb33c44acbfb12a274f771ec95624883a3e615f9fb30d,exact_duplicate,suhas/Images/Healthy Wheat/01731.jpg,
Healthy,suhas,suhas,Images/Healthy Wheat/08001.jpg,7a5c190493ed82ed957cd19bd8de0b25920133adccbfb46fb94dc5177e6cdee1,exact_duplicate,suhas/Images/Healthy Wheat/01741.jpg,
Healthy,suhas,suhas,Images/Healthy Wheat/08011.jpg,4e5426f7b55f397dcbe5b7cb387315289f2667c884cbbb376efdb93950ff084b,exact_duplicate,suhas/Images/Healthy Wheat/01751.jpg,
Healthy,suhas,suhas,Images/Healthy Wheat/08021.jpg,504b55d8568354b106b52126324918e9b6056c6dd8a348998efd0e338b787600,exact_duplicate,suhas/Images/Healthy Wheat/01761.jpg,
Healthy,suhas,suhas,Images/Healthy Wheat/08031.jpg,cbd90fc33349031c451cc82c0dd6e165e62e3a9c92ac0930afc9695d5bcd4685,exact_duplicate,suhas/Images/Healthy Wheat/01771.jpg,
Healthy,suhas,suhas,Images/Healthy Wheat/08041.jpg,e2c0931608d8da75ab08dee3bbada83d290311d026e77804c2a35e95e446a3a9,exact_duplicate,suhas/Images/Healthy Wheat/01781.jpg,
Healthy,suhas,suhas,Images/Healthy Wheat/08051.jpg,bd92d3a15f38100767a1340829326edec6bd769c0d610b5d2db90c5507e70972,exact_duplicate,suhas/Images/Healthy Wheat/01791.jpg,
Healthy,suhas,suhas,Images/Healthy Wheat/08061.jpg,b5df026a4a82caf28a3bf5955b06faf9fba32f88090559acf59fdc359a170125,exact_duplicate,suhas/Images/Healthy Wheat/01801.jpg,
Healthy,suhas,suhas,Images/Healthy Wheat/08071.jpg,27b64e6c157dd7f3596f8e0b181158758d334a578dbfd075601e1122fa7e4155,exact_duplicate,suhas/Images/Healthy Wheat/01811.jpg,
Healthy,suhas,suhas,Images/Healthy Wheat/08081.jpg,c94fc2d985c069a8e894f102f0eefdc0773a0f46e7a0ece34bc499eaec772f35,exact_duplicate,suhas/Images/Healthy Wheat/01821.jpg,
Healthy,suhas,suhas,Images/Healthy Wheat/08091.jpg,afbbb763960090f5c35e93c4c09097aa75985320b6c32e4a4fb798cb258392cc,exact_duplicate,suhas/Images/Healthy Wheat/01841.jpg,
Healthy,suhas,suhas,Images/Healthy Wheat/08101.jpg,4dd535b50d4b739fe2e98134587cc74bb06d933d5d01ce4d1e5bf0a8d02f64c7,exact_duplicate,suhas/Images/Healthy Wheat/01851.jpg,
Healthy,suhas,suhas,Images/Healthy Wheat/08111.jpg,7064a14a4f70bccc31fb9c51bac520b59d8254f14b6a45bd75feb61dff49b238,exact_duplicate,suhas/Images/Healthy Wheat/01861.jpg,
Healthy,suhas,suhas,Images/Healthy Wheat/08121.jpg,a8ca9e0e8f1c010ffc603413a749f2ac600342ff50ca7bb4377a77db9a3266e9,exact_duplicate,suhas/Images/Healthy Wheat/01871.jpg,
Healthy,suhas,suhas,Images/Healthy Wheat/08131.jpg,a52b95544b5bcb11e76ee36075b8bdf65e5ce99b080afa20d9aef54e49d4622d,exact_duplicate,suhas/Images/Healthy Wheat/01881.jpg,
Healthy,suhas,suhas,Images/Healthy Wheat/08141.jpg,4ae572d5c3ed6c9703ba8acca25b895d2696ce24a504f1aaf4feb136b39693f9,exact_duplicate,suhas/Images/Healthy Wheat/01891.jpg,
Healthy,suhas,suhas,Images/Healthy Wheat/08151.jpg,3bff2a0c33da9cc1ca918d0ef7506c7410e7f383a6587f843418c2844ce55150,exact_duplicate,suhas/Images/Healthy Wheat/01911.jpg,
Healthy,suhas,suhas,Images/Healthy Wheat/08161.jpg,cfb92d304ee1d18ef32573e12d145158008f8efbcbfe403580fb0e9d57640915,exact_duplicate,suhas/Images/Healthy Wheat/01921.jpg,
Healthy,suhas,suhas,Images/Healthy Wheat/08171.jpg,71f2858266583acbeabc52f8dfa088b41e0d93fb52fe4ef1eb04a8a1c1df5a16,exact_duplicate,suhas/Images/Healthy Wheat/01931.jpg,
Healthy,suhas,suhas,Images/Healthy Wheat/08181.jpg,f13f1d842e5589b61322a3fb8414c716b4b7acdbee2376404c6b855f8ae1e4bf,exact_duplicate,suhas/Images/Healthy Wheat/01941.jpg,
Healthy,suhas,suhas,Images/Healthy Wheat/08191.jpg,15cd6953792907e852b78bdf527ab3389769699faebc5c19e84c40a66b46c40b,exact_duplicate,suhas/Images/Healthy Wheat/01951.jpg,
Healthy,suhas,suhas,Images/Healthy Wheat/08201.jpg,2f239a2b9aa2750a69dd9e3e9ad5ff69682394bdbbf06ffff41137ab38435fcf,exact_duplicate,suhas/Images/Healthy Wheat/01961.jpg,
Healthy,suhas,suhas,Images/Healthy Wheat/08211.jpg,1f493cba0f5783463a749692a86067bf0a76f56a9c5b032904beb7651dd2c2e7,exact_duplicate,suhas/Images/Healthy Wheat/01971.jpg,
Healthy,suhas,suhas,Images/Healthy Wheat/08221.jpg,91f9d2f4a8f04fa8c65789e6b714b687cde366c0fdacb122e7d3d764b1f3633a,exact_duplicate,suhas/Images/Healthy Wheat/01981.jpg,
Healthy,suhas,suhas,Images/Healthy Wheat/08231.jpg,e11fed3288f66f856ba3a92efa3fad73abeefa28d172a7eca8dc96f3ad1642c0,exact_duplicate,suhas/Images/Healthy Wheat/01991.jpg,
Healthy,suhas,suhas,Images/Healthy Wheat/08241.jpg,2acaa3fd4d545d3cc6d65be2e3485fe662ff031102094db7a2b184beedfa3b0c,exact_duplicate,suhas/Images/Healthy Wheat/02001.jpg,
Healthy,suhas,suhas,Images/Healthy Wheat/08251.jpg,dd7f916f78f8b8bde24b98d9250af3e2c30d11777a53cde4946ffa47cc4d6ed9,exact_duplicate,suhas/Images/Healthy Wheat/02011.jpg,
Healthy,suhas,suhas,Images/Healthy Wheat/08261.jpg,a947ddb5bffd8e7c62ce2dd05acbbe1ffedeca1504bbf56d2ccdb40a66771042,exact_duplicate,suhas/Images/Healthy Wheat/02021.jpg,
Healthy,suhas,suhas,Images/Healthy Wheat/08271.jpg,71ac9e9e130df2e402de592b3842284d83e68e6e57fc4a79ae2896703da2bc13,exact_duplicate,suhas/Images/Healthy Wheat/02031.jpg,
Healthy,suhas,suhas,Images/Healthy Wheat/08281.jpg,57129ab10f5002237403a19c454b18ba1f51d70aeb56db3fb9a2430ffe96531f,exact_duplicate,suhas/Images/Healthy Wheat/02041.jpg,
Healthy,suhas,suhas,Images/Healthy Wheat/08291.jpg,da57d908971cde07e1e92c87b2ecf13f3d209b6e067f5cfd34e500f5875ea60a,exact_duplicate,suhas/Images/Healthy Wheat/02061.jpg,
Healthy,suhas,suhas,Images/Healthy Wheat/08301.jpg,71080cd78d7c3f8c2ec5c52bbf321418c5d94602aaf561b4b2e63c5c397a5de7,exact_duplicate,suhas/Images/Healthy Wheat/02071.jpg,
Healthy,suhas,suhas,Images/Healthy Wheat/08311.jpg,7d9f5fedac5f5d553e2fe5eabe7d61c086177edf4133922123c948713a2850dd,exact_duplicate,suhas/Images/Healthy Wheat/02081.jpg,
Healthy,suhas,suhas,Images/Healthy Wheat/08321.jpg,96526b82c655df87a21a84e7baf80f925561a70cb4a421352be593a46237d7ef,exact_duplicate,suhas/Images/Healthy Wheat/02091.jpg,
Healthy,suhas,suhas,Images/Healthy Wheat/08331.jpg,6fd7493a89f39dbf43c8e0866d8b00f8a63cd9711cb6d512d59f0327c8bb967b,exact_duplicate,suhas/Images/Healthy Wheat/02101.jpg,
Healthy,suhas,suhas,Images/Healthy Wheat/08341.jpg,a791698c923c2bdc0f7d16ad1dc729d4d4fbb2e66a399f823a02d3d41bb571c8,exact_duplicate,suhas/Images/Healthy Wheat/02111.jpg,
Healthy,suhas,suhas,Images/Healthy Wheat/08351.jpg,8e4f892fed7043dfeabe223ec541d487e67e81a6148c7637a75ecf7ee4232650,exact_duplicate,suhas/Images/Healthy Wheat/02121.jpg,
Healthy,suhas,suhas,Images/Healthy Wheat/08361.jpg,d6517cfefa4e6d3d382481f0fecebaa627ce8bdc5bec4a611401a64edb3c877f,exact_duplicate,suhas/Images/Healthy Wheat/02131.jpg,
Healthy,suhas,suhas,Images/Healthy Wheat/08371.jpg,19c9d486454e1c104c665350e39b3aef148eb55eb8a0f1e7d1f4e367eec72aa5,exact_duplicate,suhas/Images/Healthy Wheat/02141.jpg,
Healthy,suhas,suhas,Images/Healthy Wheat/08381.jpg,d7f637f1f2970a3e58da82f2957794a868fbf6e25cf654283a53238b4def621b,exact_duplicate,suhas/Images/Healthy Wheat/02151.jpg,
Healthy,suhas,suhas,Images/Healthy Wheat/08391.jpg,b7c39b56ded28f7d918e0f91048f053f3b118f6906068ed285f910365dbaf557,exact_duplicate,suhas/Images/Healthy Wheat/02161.jpg,
Healthy,suhas,suhas,Images/Healthy Wheat/08401.jpg,cd12b5965a2929e18e4917d2987e1245001779beb8800d15d3887591818a814c,exact_duplicate,suhas/Images/Healthy Wheat/02201.jpg,
Healthy,suhas,suhas,Images/Healthy Wheat/08411.jpg,cd1a43f0056caa5af7dd47db16f71471c511bce3bd6e88d97f904065c8d39dec,exact_duplicate,suhas/Images/Healthy Wheat/02211.jpg,
Healthy,suhas,suhas,Images/Healthy Wheat/08421.jpg,29f31a59f0bd5fbd2b33fc3fd1d769be16eed296f6c243f543ec959edd541320,exact_duplicate,suhas/Images/Healthy Wheat/02221.jpg,
Healthy,suhas,suhas,Images/Healthy Wheat/08431.jpg,a583de8b8d38e6f5cec54b7fbf7a605f2406989ee7c2902ecdfb0dcb858ccff3,exact_duplicate,suhas/Images/Healthy Wheat/02231.jpg,
Healthy,suhas,suhas,Images/Healthy Wheat/08441.jpg,3dbd9ca3be6d4219f86ede05a873b78fcd12a6142c6e36fd9e1eeac39b36501a,exact_duplicate,suhas/Images/Healthy Wheat/02241.jpg,
Healthy,suhas,suhas,Images/Healthy Wheat/08451.jpg,5922cdaa62c904bb423b1213db90bba786708e330bdbf67103a1840edf24982e,exact_duplicate,suhas/Images/Healthy Wheat/02251.jpg,
Healthy,suhas,suhas,Images/Healthy Wheat/08461.jpg,40ca933289afc6cc54e5fa5e19b802f200c26fc2a92637a58515143789e91de7,exact_duplicate,suhas/Images/Healthy Wheat/02261.jpg,
Healthy,suhas,suhas,Images/Healthy Wheat/08471.jpg,94380f5c4aa58f416d7075ff241d5d4e06be213bf1a52e2b621a80bc87f536d0,exact_duplicate,suhas/Images/Healthy Wheat/02271.jpg,
Healthy,suhas,suhas,Images/Healthy Wheat/08481.jpg,bc50e474670bdd31baa6f40344546fd84904bb629724ce1b9d0f76cc23ccbe01,exact_duplicate,suhas/Images/Healthy Wheat/02281.jpg,
Healthy,suhas,suhas,Images/Healthy Wheat/08491.jpg,6faf881ca018dbc00eac03bf381939e46fc78bb034e426f9a6990e7f332aa2ad,exact_duplicate,suhas/Images/Healthy Wheat/02291.jpg,
Healthy,suhas,suhas,Images/Healthy Wheat/08501.jpg,366d914abfc7bf1276674ffbc46f485c813607fd92ce31739b446a3363203cc5,exact_duplicate,suhas/Images/Healthy Wheat/02301.jpg,
Healthy,suhas,suhas,Images/Healthy Wheat/08511.jpg,1a869f2dee27877f98c102c956a56a96a80e157cfae001d79f64931587dc3723,exact_duplicate,suhas/Images/Healthy Wheat/02311.jpg,
Healthy,suhas,suhas,Images/Healthy Wheat/08521.jpg,190238e6671f4acbf060a94c4511bcc40c23606704dc03c945f85f39937ff4c0,exact_duplicate,suhas/Images/Healthy Wheat/02321.jpg,
Healthy,suhas,suhas,Images/Healthy Wheat/08531.jpg,fc10f3ce6df82136677db24c6756e44edc9f9cc8e43547de68b4a07e35c95ae8,exact_duplicate,suhas/Images/Healthy Wheat/02331.jpg,
Healthy,suhas,suhas,Images/Healthy Wheat/08541.jpg,37f31a247e26ff49127ed98e764657cfc77ac6048e62e4fb2367153f75b77dd3,exact_duplicate,suhas/Images/Healthy Wheat/02341.jpg,
Healthy,suhas,suhas,Images/Healthy Wheat/08551.jpg,fe64dcf88a3eaeb141d14ecbb1fb275d93abbf3136ef68880c3af392f2f011a3,exact_duplicate,suhas/Images/Healthy Wheat/02351.jpg,
Healthy,suhas,suhas,Images/Healthy Wheat/08561.jpg,98db084accdd678e5eeb65054be717ad97cf71d49893aaabde04a1847873aa54,exact_duplicate,suhas/Images/Healthy Wheat/02361.jpg,
Healthy,suhas,suhas,Images/Healthy Wheat/08571.jpg,0243577522a406143db0c03d5dbed110eec71fc029b4ce3860db7f500a92a2e4,exact_duplicate,suhas/Images/Healthy Wheat/02371.jpg,
Healthy,suhas,suhas,Images/Healthy Wheat/08581.jpg,39db39c10ecf0a455890d07fb95ccc2b2caa636a02147dda307c4bafc306b262,exact_duplicate,suhas/Images/Healthy Wheat/02381.jpg,
Healthy,suhas,suhas,Images/Healthy Wheat/08591.jpg,1d525b224e2cc69a452bee3e0a1a46a4bccf820eabe1ca42c477ec45250cb8e5,exact_duplicate,suhas/Images/Healthy Wheat/02391.jpg,
Healthy,suhas,suhas,Images/Healthy Wheat/08601.jpg,9d536fcb8745d2579c44775baa983b95c6aafb3e296053f0060776869c585428,exact_duplicate,suhas/Images/Healthy Wheat/02401.jpg,
Healthy,suhas,suhas,Images/Healthy Wheat/08611.jpg,aec47824b4a63defc30bda9fab1541a08a74658b9831a3a4de924632450edd59,exact_duplicate,suhas/Images/Healthy Wheat/02411.jpg,
Healthy,suhas,suhas,Images/Healthy Wheat/08621.jpg,8f8cce0bff4fbc6bac0e333d82f50dabb248be933b1531af0d4d0d7a34425614,exact_duplicate,suhas/Images/Healthy Wheat/02421.jpg,
Healthy,suhas,suhas,Images/Healthy Wheat/08631.jpg,c807c2b4f4f35ffc648c3d604747089af7141c94b965bed0dc35262507a13cfd,exact_duplicate,suhas/Images/Healthy Wheat/02431.jpg,
Healthy,suhas,suhas,Images/Healthy Wheat/08641.jpg,70f249f767c960bf1f0c3c3acb2172dd7439301df9eb9dca5b9abfc5fa3c88d4,exact_duplicate,suhas/Images/Healthy Wheat/02441.jpg,
Healthy,suhas,suhas,Images/Healthy Wheat/08651.jpg,ee48555d818fb0085b058056b23f4c38ebe69b085928a94e6f306029e2cb0995,exact_duplicate,suhas/Images/Healthy Wheat/02451.jpg,
Healthy,suhas,suhas,Images/Healthy Wheat/08661.jpg,63f5e66f838210950e4fff045f37ab14b71f785d771ce88b05f048cb95a05c25,exact_duplicate,suhas/Images/Healthy Wheat/02461.jpg,
Healthy,suhas,suhas,Images/Healthy Wheat/08671.jpg,bc3a927f0d9c33ab67264569462148f3470a5938e7862eee67f7291a2159d83f,exact_duplicate,suhas/Images/Healthy Wheat/02471.jpg,
Healthy,suhas,suhas,Images/Healthy Wheat/08681.jpg,cfd5807e9b59c17e9ba24be12a6876bc4efcfb3405323b7d72a35a982caf319a,exact_duplicate,suhas/Images/Healthy Wheat/02481.jpg,
Healthy,suhas,suhas,Images/Healthy Wheat/08691.jpg,0983a44dd8b1376ca7bad5f35f995e3ae59af182ae848f15e6410013a092464e,exact_duplicate,suhas/Images/Healthy Wheat/02491.jpg,
Healthy,suhas,suhas,Images/Healthy Wheat/08701.jpg,90a8e23b3d120fd11914d42fdeccb62d98baaf7d0bedf1e3fe6bc0f9718dec1a,exact_duplicate,suhas/Images/Healthy Wheat/02501.jpg,
Healthy,suhas,suhas,Images/Healthy Wheat/08711.jpg,f77f6fb74161e4f798f9182227a81a49a9c7bbcdd58fdb04de5c33756c26863a,exact_duplicate,suhas/Images/Healthy Wheat/02511.jpg,
Healthy,suhas,suhas,Images/Healthy Wheat/08721.jpg,8551e2b90cfedde1238bddfbfff88b375ab6b8f636235a132d5d7436634a225b,exact_duplicate,suhas/Images/Healthy Wheat/02521.jpg,
Healthy,suhas,suhas,Images/Healthy Wheat/08731.jpg,d07d3b1e44f368aaa897bb4fc01be22c1eb35a5b88a8b52c6ec496dce342b871,exact_duplicate,suhas/Images/Healthy Wheat/02531.jpg,
Healthy,suhas,suhas,Images/Healthy Wheat/08741.jpg,12c1483950c233289d4e3c42f5f17c828b308becb888cff2208eb4b7c5667145,exact_duplicate,suhas/Images/Healthy Wheat/02541.jpg,
Healthy,suhas,suhas,Images/Healthy Wheat/08751.jpg,7107ad4d3e4d8389c94fcd5f278c24bdff67be8e611472ac545d37127103dcc8,exact_duplicate,suhas/Images/Healthy Wheat/02551.jpg,
Healthy,suhas,suhas,Images/Healthy Wheat/08761.jpg,7a93c8b1373da473de75aecc4a70fc93e7be2219ea0588c2ad99b70d85387057,exact_duplicate,suhas/Images/Healthy Wheat/02561.jpg,
Healthy,suhas,suhas,Images/Healthy Wheat/08771.jpg,451123d0ca85440ab52893fc9e03f66536078c9580baa50b7c2ec5f96b901b02,exact_duplicate,suhas/Images/Healthy Wheat/02571.jpg,
Healthy,suhas,suhas,Images/Healthy Wheat/08781.jpg,93a2e4894fc1b4d860829e7a65bb8f64ba6ba11b86f0264bb521d87f4cfe5a8e,exact_duplicate,suhas/Images/Healthy Wheat/02581.jpg,
Healthy,suhas,suhas,Images/Healthy Wheat/08791.jpg,c444e6e97430fe56891a43484df904a10e2e2e8b52b1078f11f15d929adb4c5d,exact_duplicate,suhas/Images/Healthy Wheat/02591.jpg,
Healthy,suhas,suhas,Images/Healthy Wheat/08801.jpg,6b8f856c3577862bf035c7eb08663358fe60c4776f071cc250ce835dca017f45,exact_duplicate,suhas/Images/Healthy Wheat/02601.jpg,
Healthy,suhas,suhas,Images/Healthy Wheat/08811.jpg,367f9bf1b3e7fd756d97ba0130ae5ad4b883d452b7c4d097d7efee8cca683aeb,exact_duplicate,suhas/Images/Healthy Wheat/02611.jpg,
Healthy,suhas,suhas,Images/Healthy Wheat/08821.jpg,7f3cb6f618f4d816b7f7fcd0f69a5588686258ce7def2ab5c1d0e5b24f032534,exact_duplicate,suhas/Images/Healthy Wheat/02621.jpg,
Healthy,suhas,suhas,Images/Healthy Wheat/08831.jpg,708ae575f403021ab402d8d9fb51f328391f55ce16a493eeeaceaf44aa56dd0e,exact_duplicate,suhas/Images/Healthy Wheat/02631.jpg,
Healthy,suhas,suhas,Images/Healthy Wheat/08841.jpg,60568b9acf52f24335e50453b222f0e27f30b13474e2c0e70b53811638b2fc7a,exact_duplicate,suhas/Images/Healthy Wheat/02641.jpg,
Healthy,suhas,suhas,Images/Healthy Wheat/08851.jpg,896f956271e5fe30d8941ba20e5835d8844c3d699bc0e133011c60d5f39d5c7f,exact_duplicate,suhas/Images/Healthy Wheat/02651.jpg,
Healthy,suhas,suhas,Images/Healthy Wheat/08861.jpg,7fafc54f278e6a2589b66d0d139edd06d5595d6b543ed5d1de54289b7daf5a9e,exact_duplicate,suhas/Images/Healthy Wheat/02661.jpg,
Healthy,suhas,suhas,Images/Healthy Wheat/08871.jpg,1d487bb613ec42676bb0be51310cf671722dbbdf68051d813e7a3e531e7edac1,exact_duplicate,suhas/Images/Healthy Wheat/02671.jpg,
Healthy,suhas,suhas,Images/Healthy Wheat/08881.jpg,e98b25befe60db9dad8fca1107dac74e4f613b77f7f97836adb4f61467bdea17,exact_duplicate,suhas/Images/Healthy Wheat/02681.jpg,
Healthy,suhas,suhas,Images/Healthy Wheat/08891.jpg,aa8ebd5f223158e3886955976c5e311d8bd40b37fba36f4d04607c57871cae3e,exact_duplicate,suhas/Images/Healthy Wheat/02691.jpg,
Healthy,suhas,suhas,Images/Healthy Wheat/08901.jpg,871ec96551d0b8989e5e663316828870a8f77af2055d85dadefc81a6aa728cb2,exact_duplicate,suhas/Images/Healthy Wheat/02701.jpg,
Healthy,suhas,suhas,Images/Healthy Wheat/08911.jpg,993ad7ee52990fe960c85007dd61ddd79e37ad5bf0eeb07181a29b0853e6d86a,exact_duplicate,suhas/Images/Healthy Wheat/02711.jpg,
Healthy,suhas,suhas,Images/Healthy Wheat/08921.jpg,4abc5d707b43f0e8d0d092aa0851c56c4fe068a9350a150644123e61517e3119,exact_duplicate,suhas/Images/Healthy Wheat/02721.jpg,
Healthy,suhas,suhas,Images/Healthy Wheat/08931.jpg,a4070005236f7d11ddcd9df35d8b21da0470b2cbf3cd29daf7a82abccb78fbd4,exact_duplicate,suhas/Images/Healthy Wheat/02731.jpg,
Healthy,suhas,suhas,Images/Healthy Wheat/08941.jpg,75e1875ac530dacd95a86a7ced7aaf0e02f1071046691e69d4d86e9cc8645e17,exact_duplicate,suhas/Images/Healthy Wheat/02741.jpg,
Healthy,suhas,suhas,Images/Healthy Wheat/08951.jpg,d05348b255d70a91e7928566e1762191549d3abf94736eb293df3d0deb3b2070,exact_duplicate,suhas/Images/Healthy Wheat/02751.jpg,
Healthy,suhas,suhas,Images/Healthy Wheat/08961.jpg,60cb07acb6fe480969da1b48d59aacf49a49a7785bacb04e3dea28843a9ad8ed,exact_duplicate,suhas/Images/Healthy Wheat/02761.jpg,
Healthy,suhas,suhas,Images/Healthy Wheat/08971.jpg,6002c24fba394c3cb7fcacf48766446faa74ef96934abc2e9472be066c3902fd,exact_duplicate,suhas/Images/Healthy Wheat/02771.jpg,
Healthy,suhas,suhas,Images/Healthy Wheat/08981.jpg,acb40d0a3924f4ddec64efe6ad1447b616bd0cd7b63972d9973a23f0394b94b2,exact_duplicate,suhas/Images/Healthy Wheat/02781.jpg,
Healthy,suhas,suhas,Images/Healthy Wheat/08991.jpg,a9966a2f6c0cf1b2113b758b00ec675b29f8b4df276df45788ba5ed73a340725,exact_duplicate,suhas/Images/Healthy Wheat/02791.jpg,
Healthy,suhas,suhas,Images/Healthy Wheat/09001.jpg,4dd78a4be6a672269c7c0a738692e87602e956d0a4882d1a849f70416c7230a0,exact_duplicate,suhas/Images/Healthy Wheat/02801.jpg,
Healthy,suhas,suhas,Images/Healthy Wheat/09011.jpg,f8871349b8b7d5ba073ce8807760c3467ec4817c27d399ba1e3e2a7d60f3d3b2,exact_duplicate,suhas/Images/Healthy Wheat/02811.jpg,
Healthy,suhas,suhas,Images/Healthy Wheat/09021.jpg,c1d0f286d710a7f543ae8d13c17b187e920a010e82a50946f074a83e839efc68,exact_duplicate,suhas/Images/Healthy Wheat/02821.jpg,
Healthy,suhas,suhas,Images/Healthy Wheat/09031.jpg,ceba1df0be6ee0d9d0162d2ea94894fcada116822ad57db0628adce3ae3dc887,exact_duplicate,suhas/Images/Healthy Wheat/02831.jpg,
Healthy,suhas,suhas,Images/Healthy Wheat/09041.jpg,c7facd67f46c6b1feb6a2bf4bb1665f612057e4e441eb2853b4816fdebacddbe,exact_duplicate,suhas/Images/Healthy Wheat/02841.jpg,
Healthy,suhas,suhas,Images/Healthy Wheat/09051.jpg,3e720aadd5a2eb5c67651953772478474ab5d5e78938f4b55bf13e875b2b826d,exact_duplicate,suhas/Images/Healthy Wheat/02851.jpg,
Healthy,suhas,suhas,Images/Healthy Wheat/09061.jpg,8945dab94aef52600f8d9d4283d5f0684b984c5be4d93bcd9810ca983942f3bf,exact_duplicate,suhas/Images/Healthy Wheat/02861.jpg,
Healthy,suhas,suhas,Images/Healthy Wheat/09071.jpg,ee50b9100a7d170855daa34dadfe834f1100a94688d5714cab7f532bad6c00e4,exact_duplicate,suhas/Images/Healthy Wheat/02871.jpg,
Healthy,suhas,suhas,Images/Healthy Wheat/09081.jpg,e667216aa58276b869f063e9633572999595b99e916e15811411781e5337ebd1,exact_duplicate,suhas/Images/Healthy Wheat/02881.jpg,
Healthy,suhas,suhas,Images/Healthy Wheat/09091.jpg,a7d6881bf9e0363d39477b7080f76bd4fa5f3b63ce0cf358fe0f0b1ade5b1b4e,exact_duplicate,suhas/Images/Healthy Wheat/02891.jpg,
Healthy,suhas,suhas,Images/Healthy Wheat/09101.jpg,93a44acb78c7e06a01f7adc3c88b7e083b85268d0a492963d503c24d8e695241,exact_duplicate,suhas/Images/Healthy Wheat/02901.jpg,
Healthy,suhas,suhas,Images/Healthy Wheat/09111.jpg,f55bc40ba3bef362d993fc4093a40aac6363d92749cce24d6818735df1f9fa22,exact_duplicate,suhas/Images/Healthy Wheat/02911.jpg,
Healthy,suhas,suhas,Images/Healthy Wheat/09121.jpg,8cce322a5474b676a498c3f3221acb55cad6d19a5c0d5ebf818a60fa66fa0eb3,exact_duplicate,suhas/Images/Healthy Wheat/02921.jpg,
Healthy,suhas,suhas,Images/Healthy Wheat/09131.jpg,8ceab3056eb74ad0cfbab0f7de05cb17e90cb7d576da60898acd1070fb3628ab,exact_duplicate,suhas/Images/Healthy Wheat/02931.jpg,
Healthy,suhas,suhas,Images/Healthy Wheat/09141.jpg,e03d86b8dfda5cad9a888b46402cd8b27eee137d809a8be4a2cb72c28d8041e3,exact_duplicate,suhas/Images/Healthy Wheat/02941.jpg,
Healthy,suhas,suhas,Images/Healthy Wheat/09151.jpg,1fa20ccab41d9310df2bcf9aee0299eeac6f134f5223918e3be92b4ba48a7aa9,exact_duplicate,suhas/Images/Healthy Wheat/02951.jpg,
Healthy,suhas,suhas,Images/Healthy Wheat/09161.jpg,5dc32fe660873926d4303de15605b90ba10d452ac0e92ba3978b653f75a1f90a,exact_duplicate,suhas/Images/Healthy Wheat/02961.jpg,
Healthy,suhas,suhas,Images/Healthy Wheat/09171.jpg,0bf551271be816b7aae4cc6f2321e1fe62489c8822857210abbf446feea7f147,exact_duplicate,suhas/Images/Healthy Wheat/02971.jpg,
Healthy,suhas,suhas,Images/Healthy Wheat/09181.jpg,ab55648644f678f162198067bd916d2002d628c1314cc577d5bc08b89f99d799,exact_duplicate,suhas/Images/Healthy Wheat/02981.jpg,
Healthy,suhas,suhas,Images/Healthy Wheat/09191.jpg,1149fc63ab32ad66c8900286627e323c859cb0d8047b421097b13d58683781f1,exact_duplicate,suhas/Images/Healthy Wheat/02991.jpg,
Healthy,suhas,suhas,Images/Healthy Wheat/09201.jpg,7c3e11f4d3e91606e320fb164d237bdc31ed6e94acb0c69ca5ad93a83407670f,exact_duplicate,suhas/Images/Healthy Wheat/03001.jpg,
Healthy,suhas,suhas,Images/Healthy Wheat/09211.jpg,dc8b4e90cd460a4d2bff9de8fb591ac5d24bf41a1a8a8b284504fe858873234e,exact_duplicate,suhas/Images/Healthy Wheat/03011.jpg,
Healthy,suhas,suhas,Images/Healthy Wheat/09221.jpg,77c222f8564759934ba62f818ec2a3ffe5baeb023bd4fd4c8a965313a308b33c,exact_duplicate,suhas/Images/Healthy Wheat/03021.jpg,
Healthy,suhas,suhas,Images/Healthy Wheat/09231.jpg,3464aaf510ddbe86efcd88ce05846c05998e27cf987a7ceea526618c3f23c6ac,exact_duplicate,suhas/Images/Healthy Wheat/03031.jpg,
Healthy,suhas,suhas,Images/Healthy Wheat/09241.jpg,2e01701ae64eb2196e5e8b76e682a5adb52667c99ec28991736ece31b5a7d3f0,exact_duplicate,suhas/Images/Healthy Wheat/03041.jpg,
Healthy,suhas,suhas,Images/Healthy Wheat/09251.jpg,734edd3c0ac341ae5f2a27a476c80b907b278767a768e93093bd8ae7e2190fcb,exact_duplicate,suhas/Images/Healthy Wheat/03051.jpg,
Healthy,suhas,suhas,Images/Healthy Wheat/09261.jpg,daff6fee455ad6139655fe36cc5a685d4354e75c9d3503c7e61eec03c6f162f8,exact_duplicate,suhas/Images/Healthy Wheat/03061.jpg,
Healthy,suhas,suhas,Images/Healthy Wheat/09271.jpg,5ea897ffb398a2c77fa33648df86468fde100a7f2ae4bc76d825d6124de7e231,exact_duplicate,suhas/Images/Healthy Wheat/03071.jpg,
Healthy,suhas,suhas,Images/Healthy Wheat/09281.jpg,64e9832f3783ee0b7ee03b231331d8de2f0c86c233d8757217be7458629a1c00,exact_duplicate,suhas/Images/Healthy Wheat/03081.jpg,
Healthy,suhas,suhas,Images/Healthy Wheat/09291.jpg,4a9fd3248e90be10ab815af31ec4b4162ee994b5131b8e1ae9a1662a101f9887,exact_duplicate,suhas/Images/Healthy Wheat/03091.jpg,
Healthy,suhas,suhas,Images/Healthy Wheat/09301.jpg,f6667571c3cc6d779474698dd6b2ca935e4095eb914bc188584df73656ac0991,exact_duplicate,suhas/Images/Healthy Wheat/03101.jpg,
Healthy,suhas,suhas,Images/Healthy Wheat/09311.jpg,5da2cb8244395259a714ffbadedd5addec1b63fcee0bcdd43a91920811fac599,exact_duplicate,suhas/Images/Healthy Wheat/03111.jpg,
Healthy,suhas,suhas,Images/Healthy Wheat/09321.jpg,fd54716429b614c6bd5bbaa606cdf0a4537dd90788a2df71579cc95d1eccfe17,exact_duplicate,suhas/Images/Healthy Wheat/03121.jpg,
Healthy,suhas,suhas,Images/Healthy Wheat/09331.jpg,11791e60feb8349c24bc444279ce0d84a046ec66e126dfcdf951ddf6715f88f7,exact_duplicate,suhas/Images/Healthy Wheat/03131.jpg,
Healthy,suhas,suhas,Images/Healthy Wheat/09341.jpg,8792f2b133db539122c8b0510ee111168103fc53c59f82888cf0a026fd9204e3,exact_duplicate,suhas/Images/Healthy Wheat/03141.jpg,
Healthy,suhas,suhas,Images/Healthy Wheat/09351.jpg,654e64742dc3538e1a7b9cf4b54d1bd84ef0344dd749c785ae2d3e5d12d5ad7a,exact_duplicate,suhas/Images/Healthy Wheat/03151.jpg,
Healthy,suhas,suhas,Images/Healthy Wheat/09361.jpg,a161b9c348ae1c5a44f68865335e2b8fefe3ffb77430ef981ffacba936e5952e,exact_duplicate,suhas/Images/Healthy Wheat/03161.jpg,
Healthy,suhas,suhas,Images/Healthy Wheat/09371.jpg,7e89a4c92a0b3fb184f67bb8ef8c0e351c72b0e8b2348eb6e2c29666619d1c3b,exact_duplicate,suhas/Images/Healthy Wheat/03171.jpg,
Healthy,suhas,suhas,Images/Healthy Wheat/09381.jpg,ef0c8f1dd10f6c59f84e6ef2af76a1c438f0345912b5ed3d6b9649a3207296e3,exact_duplicate,suhas/Images/Healthy Wheat/03181.jpg,
Healthy,suhas,suhas,Images/Healthy Wheat/09391.jpg,808d3122d82f6709824f47bb81efd5eff47bb5ff99e0d1784f8f3b125e617f64,exact_duplicate,suhas/Images/Healthy Wheat/03191.jpg,
Healthy,suhas,suhas,Images/Healthy Wheat/09401.jpg,6dc3b004a4e9b15b8e2707b23b39eecbf4c15490107a76e08dfd111f492e313b,exact_duplicate,suhas/Images/Healthy Wheat/03231.jpg,
Healthy,suhas,suhas,Images/Healthy Wheat/09411.jpg,aba152144ab29187e58832d12a5852bb8779527b89ab532f88e053793d330982,exact_duplicate,suhas/Images/Healthy Wheat/03241.jpg,
Healthy,suhas,suhas,Images/Healthy Wheat/09421.jpg,64006782b0c776d304cadb0aa39cca0f2886b69a8aa9f99f86ac74204cac6f0c,exact_duplicate,suhas/Images/Healthy Wheat/03251.jpg,
Healthy,suhas,suhas,Images/Healthy Wheat/09431.jpg,20bd37f38eea8c9c48351f1737b7bf019ed12578c45fa277e924552c69278cf7,exact_duplicate,suhas/Images/Healthy Wheat/03261.jpg,
Healthy,suhas,suhas,Images/Healthy Wheat/09441.jpg,acf76a198c52f2168cb1f9039100fbecc72c829cdf6dfcd9d5e193d1447c75f1,exact_duplicate,suhas/Images/Healthy Wheat/03271.jpg,
Healthy,suhas,suhas,Images/Healthy Wheat/09451.jpg,0a9d91a6c6c12962e2c0aedceb2099360e82688504dbcab53cbf05841a18e740,exact_duplicate,suhas/Images/Healthy Wheat/03281.jpg,
Healthy,suhas,suhas,Images/Healthy Wheat/09461.jpg,96cd86a26b1fba56abd95d7209773447de363b69ad733c91432787ccb44c2142,exact_duplicate,suhas/Images/Healthy Wheat/03291.jpg,
Healthy,suhas,suhas,Images/Healthy Wheat/09471.jpg,682e6d6150b9d99c2a46a755d8a1248281523fa68b78617009dbbc9ea67baf43,exact_duplicate,suhas/Images/Healthy Wheat/03301.jpg,
Healthy,suhas,suhas,Images/Healthy Wheat/09481.jpg,0013ed3400f29434ffed6d7edd5451e840812a98b0a26e489be152cfb984c96a,exact_duplicate,suhas/Images/Healthy Wheat/03311.jpg,
Healthy,suhas,suhas,Images/Healthy Wheat/09491.jpg,4d65e7cb1fbfafa14ad831ec8d3cd1132e4b20c929b3ef2765ff26574f11fd94,exact_duplicate,suhas/Images/Healthy Wheat/03321.jpg,
Healthy,suhas,suhas,Images/Healthy Wheat/09501.jpg,193992fdc255583da12ba6037d027bfab3b40b06f55c0d9e403563edb6e0c794,exact_duplicate,suhas/Images/Healthy Wheat/03331.jpg,
Healthy,suhas,suhas,Images/Healthy Wheat/09511.jpg,c8195d20eeec151ca5cfa54542e9434ca052a8156e13f92f1242507dec65456b,exact_duplicate,suhas/Images/Healthy Wheat/03351.jpg,
Healthy,suhas,suhas,Images/Healthy Wheat/09521.jpg,977d563feb1e8c755fd30034ec4b2f7d842197ed6474f956df88cef961607e96,exact_duplicate,suhas/Images/Healthy Wheat/03361.jpg,
Healthy,suhas,suhas,Images/Healthy Wheat/09531.jpg,8b606928290ba27e661403a16cccf5c7344951a312bc7e0f3f218e8e27a9c14e,exact_duplicate,suhas/Images/Healthy Wheat/03371.jpg,
Healthy,suhas,suhas,Images/Healthy Wheat/09541.jpg,7c6f88292ad4988db778efb994e5510e82b87c3febb290e35c94d000abf39bc4,exact_duplicate,suhas/Images/Healthy Wheat/03381.jpg,
Healthy,suhas,suhas,Images/Healthy Wheat/09551.jpg,aa5ffd5f6d66e1cc820915f9a8bf77548bc1e3a113cd387a7d1935d0e6a010ac,exact_duplicate,suhas/Images/Healthy Wheat/03391.jpg,
Healthy,suhas,suhas,Images/Healthy Wheat/09561.jpg,dd2a2e9f6edd7d04a1a2c660f544967d8a1c9c2e4b52ec670910918500a0f25e,exact_duplicate,suhas/Images/Healthy Wheat/03401.jpg,
Healthy,suhas,suhas,Images/Healthy Wheat/09571.jpg,4c713d0ea5aa43dcf1aae7d8d31ffc0cab4ab876561a9e07e9ca0f90a2b1ea8d,exact_duplicate,suhas/Images/Healthy Wheat/03411.jpg,
Healthy,suhas,suhas,Images/Healthy Wheat/09581.jpg,252d75c90730cdac447764ab8eb1141fa978d4e5766542ef3738a2de4e226c02,exact_duplicate,suhas/Images/Healthy Wheat/03421.jpg,
Healthy,suhas,suhas,Images/Healthy Wheat/09591.jpg,de9d9287455a02470ff503766434dffba41ef06113c436ae847d76d763b12f5a,exact_duplicate,suhas/Images/Healthy Wheat/03431.jpg,
Healthy,suhas,suhas,Images/Healthy Wheat/09601.jpg,6d045d423270778f7de8bf2aeee7eeea13483330d2207b4c2f512dc7e0c7ca8f,exact_duplicate,suhas/Images/Healthy Wheat/03441.jpg,
Healthy,suhas,suhas,Images/Healthy Wheat/09611.jpg,a7ebb3ba8e040050f2a3d2cd4eb60470082f6fa17e7d0d966d5129aaa3abdf4f,exact_duplicate,suhas/Images/Healthy Wheat/03451.jpg,
Healthy,suhas,suhas,Images/Healthy Wheat/09621.jpg,8ca67662b5990b40cc85be7b2818d13d6bf2e505073e35b7350ded57141e1c3c,exact_duplicate,suhas/Images/Healthy Wheat/03461.jpg,
Healthy,suhas,suhas,Images/Healthy Wheat/09631.jpg,71492dad6515a311ef97f975adce313098c06ae4e025cca48d1c47455e6aa5cf,exact_duplicate,suhas/Images/Healthy Wheat/03471.jpg,
Healthy,suhas,suhas,Images/Healthy Wheat/09641.jpg,37f61064115f5341d6d880c63a66625d6f779b913a58448d3dcac3de2fb7764e,exact_duplicate,suhas/Images/Healthy Wheat/03481.jpg,
Healthy,suhas,suhas,Images/Healthy Wheat/09651.jpg,2b7031dbe00363da0b8542a5c34f506e62997cb07517a0267f00e8cb4655aea8,exact_duplicate,suhas/Images/Healthy Wheat/03491.jpg,
Healthy,suhas,suhas,Images/Healthy Wheat/09661.jpg,a427f55e2b8f6e665a9bb93b622cb7965d81c1e7480d3c3fd2d60842f06b2c1e,exact_duplicate,suhas/Images/Healthy Wheat/03501.jpg,
Healthy,suhas,suhas,Images/Healthy Wheat/09671.jpg,51a7868d5279b25fa796602650d0c113e72a52f8c51e9087ce8766feefff3023,exact_duplicate,suhas/Images/Healthy Wheat/03511.jpg,
Healthy,suhas,suhas,Images/Healthy Wheat/09681.jpg,3d6da4660bf96fdf7c7037b4a5295eabcef4f92d08bcb2cec61db2ef1269ee55,exact_duplicate,suhas/Images/Healthy Wheat/03521.jpg,
Healthy,suhas,suhas,Images/Healthy Wheat/09691.jpg,5e143a606233c657529d440ff5be7af8020345c09a88fea02bebe32613f916db,exact_duplicate,suhas/Images/Healthy Wheat/03541.jpg,
Healthy,suhas,suhas,Images/Healthy Wheat/09701.jpg,a280a452889134a1ed01351cf2fcada8f7d0cf84320b29487e2bb79145bbf919,exact_duplicate,suhas/Images/Healthy Wheat/03551.jpg,
Healthy,suhas,suhas,Images/Healthy Wheat/09711.jpg,12ace0c31c846ac7a0ad4bef52cfd02bd7c5f0046932f2f1898b156de1e03187,exact_duplicate,suhas/Images/Healthy Wheat/03561.jpg,
Healthy,suhas,suhas,Images/Healthy Wheat/09721.jpg,d3defd37a15b16d35470e4763689fe49b82732c90c409ad42cada91229fd9fa0,exact_duplicate,suhas/Images/Healthy Wheat/03571.jpg,
Healthy,suhas,suhas,Images/Healthy Wheat/09731.jpg,15bf21142ab461cb47a3828f831a7b648f4550e3143a191fd5b965560b51a2f9,exact_duplicate,suhas/Images/Healthy Wheat/03581.jpg,
Healthy,suhas,suhas,Images/Healthy Wheat/09741.jpg,9d611ee355a260265af6ff1e7dbb91c56347f6044614ae982257e4de0058a92c,exact_duplicate,suhas/Images/Healthy Wheat/03591.jpg,
Healthy,suhas,suhas,Images/Healthy Wheat/09751.jpg,773a5e0fff7749bdffdf4cfacdfb9ffd7ccc3770df666e0c0d0a3b1309ba7b27,exact_duplicate,suhas/Images/Healthy Wheat/03601.jpg,
Healthy,suhas,suhas,Images/Healthy Wheat/09761.jpg,feaa30a92fc2c0dd5dac2e73ebf66802e087d88dfa40b2495394a8e11a81d87a,exact_duplicate,suhas/Images/Healthy Wheat/03611.jpg,
Healthy,suhas,suhas,Images/Healthy Wheat/09771.jpg,ad6f2364fb8a659b5c313ff0989604bba89c232758172e05206ffe8f780fe9e2,exact_duplicate,suhas/Images/Healthy Wheat/03621.jpg,
Healthy,suhas,suhas,Images/Healthy Wheat/09781.jpg,e910979775f243fd10504ff187b620f2c8a411a1a92a99c90c6e35fd63b29469,exact_duplicate,suhas/Images/Healthy Wheat/03641.jpg,
Healthy,suhas,suhas,Images/Healthy Wheat/09791.jpg,f209006f8c881567ac27c124e7fbeaf36f64910a9cba5ef61614081512a8a872,exact_duplicate,suhas/Images/Healthy Wheat/03651.jpg,
Healthy,suhas,suhas,Images/Healthy Wheat/09801.jpg,0074a47aa2bbe4d263bffbd184d42d0586992b5381c2bdee048feba697d732f4,exact_duplicate,suhas/Images/Healthy Wheat/03671.jpg,
Healthy,suhas,suhas,Images/Healthy Wheat/09811.jpg,a6133211bba74ef2dda1be811447c7a34992beb17a9ec12bb219d35be93a8d73,exact_duplicate,suhas/Images/Healthy Wheat/03681.jpg,
Healthy,suhas,suhas,Images/Healthy Wheat/09821.jpg,94e43dcc002fcee7697bbd6a146ef1a7d281df1b498dfd23d0b629e920134abb,exact_duplicate,suhas/Images/Healthy Wheat/03701.jpg,
Healthy,suhas,suhas,Images/Healthy Wheat/09831.jpg,12bf9087d56ab58a49b29e1266f85d0b49224006ffc57a9548aa5b5569671017,exact_duplicate,suhas/Images/Healthy Wheat/03711.jpg,
Healthy,suhas,suhas,Images/Healthy Wheat/09841.jpg,bed2cdca25bce8c6d702f4597544bf6abba2aa3b90216d9fd592685da09bb876,exact_duplicate,suhas/Images/Healthy Wheat/03721.jpg,
Healthy,suhas,suhas,Images/Healthy Wheat/09851.jpg,fa585a1459d797b8e8dfbd7f440924b63db2082b872f32e946586db02242945b,exact_duplicate,suhas/Images/Healthy Wheat/03731.jpg,
Healthy,suhas,suhas,Images/Healthy Wheat/09861.jpg,e44efe9dcb7dda22a0f6e27b097cdec82c72c80fe711dd9d3943075b06385bd8,exact_duplicate,suhas/Images/Healthy Wheat/03741.jpg,
Healthy,suhas,suhas,Images/Healthy Wheat/09871.jpg,6c0734dafe87930270932ed7a613e93a065594a53b7924cf375d9217ee0db985,exact_duplicate,suhas/Images/Healthy Wheat/03751.jpg,
Healthy,suhas,suhas,Images/Healthy Wheat/09881.jpg,65d153cd393cdbd7862df8d6fdaaa792eb578b2e4a2fe4c4ae508ec224d64127,exact_duplicate,suhas/Images/Healthy Wheat/03761.jpg,
Healthy,suhas,suhas,Images/Healthy Wheat/09891.jpg,bfed558caed2cd5221003ffd86fb74a7a423f0af937e111753e3d3dd60fedcef,exact_duplicate,suhas/Images/Healthy Wheat/03771.jpg,
Healthy,suhas,suhas,Images/Healthy Wheat/09901.jpg,05db736ae7970c60c93fb440d7356a7bf76c2bcf8c172f2257c64af37141e994,exact_duplicate,suhas/Images/Healthy Wheat/03781.jpg,
Healthy,suhas,suhas,Images/Healthy Wheat/09911.jpg,82889d0c166d989c20331dd493267d5d2ab208b06bc8ed6b5b6764807d27d73c,exact_duplicate,suhas/Images/Healthy Wheat/03791.jpg,
Healthy,suhas,suhas,Images/Healthy Wheat/09921.jpg,ec6b07c85a9f3b13ed1474b119a0c146bdff4396b13783c1a91a71b5bfeaf002,exact_duplicate,suhas/Images/Healthy Wheat/03801.jpg,
Healthy,suhas,suhas,Images/Healthy Wheat/09931.jpg,662c0cf7977afa72e44d59b873fda2dbad35762e6072d3196aca283cdee09bc6,exact_duplicate,suhas/Images/Healthy Wheat/03811.jpg,
Healthy,suhas,suhas,Images/Healthy Wheat/09941.jpg,7dacbe005774e5917c4cb6318c504b79c812f5a3fed770fd33b5156dad2a6f58,exact_duplicate,suhas/Images/Healthy Wheat/03821.jpg,
Healthy,suhas,suhas,Images/Healthy Wheat/09951.jpg,1df391f2620ba40528c91e1b9d995dfbd87b37dd680395f146cb412e1c483335,exact_duplicate,suhas/Images/Healthy Wheat/03831.jpg,
Healthy,suhas,suhas,Images/Healthy Wheat/09961.jpg,a6729bcd30ded8ed2366e94ef1dc8dd2f89b9522668893deb82f28ebccce0d18,exact_duplicate,suhas/Images/Healthy Wheat/03841.jpg,
Healthy,suhas,suhas,Images/Healthy Wheat/09971.jpg,8a632805d470dbe383c35c450e7feb66de8465f25377b7809db3a9d0d6da0e41,exact_duplicate,suhas/Images/Healthy Wheat/03851.jpg,
Healthy,suhas,suhas,Images/Healthy Wheat/09981.jpg,801c0badc18e0f3b9da1d79abf3d479291bd44d3ec0bdfb6fa9bd5a7ae78d615,exact_duplicate,suhas/Images/Healthy Wheat/03861.jpg,
Healthy,suhas,suhas,Images/Healthy Wheat/09991.jpg,d869db5dae1d3d3fcf97fa86d08250a6e2a75573c82819c7e00b67badad58e68,exact_duplicate,suhas/Images/Healthy Wheat/03871.jpg,
Healthy,suhas,suhas,Images/Healthy Wheat/10001.jpg,6dbba7debf73a499f80a5115e6cfd4f6bf92da9c0d77352b8f9192fa6b017bd3,exact_duplicate,suhas/Images/Healthy Wheat/03881.jpg,
Healthy,suhas,suhas,Images/Healthy Wheat/10011.jpg,ea1b8224f52a78ac91eb3488bde1dc4719907ed463e2f24f65e1c85f371b3eaf,exact_duplicate,suhas/Images/Healthy Wheat/03891.jpg,
Healthy,suhas,suhas,Images/Healthy Wheat/10021.jpg,5366859fe46b2dd1128a8ea01c69cc782757f468653338c9af0dd9236e140e5f,exact_duplicate,suhas/Images/Healthy Wheat/03901.jpg,
Healthy,suhas,suhas,Images/Healthy Wheat/10031.jpg,a365c830c30beccde3937007661313cb9ad764a78ea8f3b5f97ba78d081e1987,exact_duplicate,suhas/Images/Healthy Wheat/03911.jpg,
Healthy,suhas,suhas,Images/Healthy Wheat/10041.jpg,88dc98b4af345cb616f1f88ddc0f852c1d061e27e0982a7c13d6037cd5861b9e,exact_duplicate,suhas/Images/Healthy Wheat/03921.jpg,
Healthy,suhas,suhas,Images/Healthy Wheat/10051.jpg,23412228c7ab16a513bb1b1104169d37693a1e42b50aba5410df9b6740d410fe,exact_duplicate,suhas/Images/Healthy Wheat/03931.jpg,
Healthy,suhas,suhas,Images/Healthy Wheat/10061.jpg,ffc896f19a7b8227268175eebfaba22ae49875cafda381567f6032a1428dd0d1,exact_duplicate,suhas/Images/Healthy Wheat/03941.jpg,
Healthy,suhas,suhas,Images/Healthy Wheat/10071.jpg,2d7cc3fbdff50b9a98cdf4fa493571ea9990f89979050b23fb1a3cd2a53f9036,exact_duplicate,suhas/Images/Healthy Wheat/03951.jpg,
Healthy,suhas,suhas,Images/Healthy Wheat/10081.jpg,532dea9bbd9254998fdb0798fa3a565cb0b6ba972cb484f65009670365a9a746,exact_duplicate,suhas/Images/Healthy Wheat/03961.jpg,
Healthy,suhas,suhas,Images/Healthy Wheat/10091.jpg,e90ece1115357ffd122b9d82ca6a7a76ef6c7e161fde25bc351f1b505e7a323d,exact_duplicate,suhas/Images/Healthy Wheat/03971.jpg,
Healthy,suhas,suhas,Images/Healthy Wheat/10101.jpg,5b67ecacca6e5b7565e3f272758c9372c5f1ada6cefed59abd4bf3943a1f9ed1,exact_duplicate,suhas/Images/Healthy Wheat/03981.jpg,
Healthy,suhas,suhas,Images/Healthy Wheat/10111.jpg,7e7363f0910e45e559bb4a715f85c76b989e37beff7f7a94aae7e060f03aab20,exact_duplicate,suhas/Images/Healthy Wheat/03991.jpg,
Healthy,suhas,suhas,Images/Healthy Wheat/10121.jpg,8f2a7295596fd1c23254bd957f0584f2e05f11b6eb38e1ef70b00c23917a0ace,exact_duplicate,suhas/Images/Healthy Wheat/04001.jpg,
Healthy,suhas,suhas,Images/Healthy Wheat/10131.jpg,e687e8be0f211d82f92a8420ca05a09de12eed2455ab1bf25146f0e182e3794f,exact_duplicate,suhas/Images/Healthy Wheat/04011.jpg,
Healthy,suhas,suhas,Images/Healthy Wheat/10141.jpg,336f95304e5957730e219ed729dee88afa3cdc8b3abde0c91d806412084af244,exact_duplicate,suhas/Images/Healthy Wheat/04021.jpg,
Healthy,suhas,suhas,Images/Healthy Wheat/10151.jpg,8a9da63bd753a3fe139c98a9aa4361c0a1a4e450bfb2244d2ea53a6b093da4e2,exact_duplicate,suhas/Images/Healthy Wheat/04031.jpg,
Healthy,suhas,suhas,Images/Healthy Wheat/10161.jpg,d7d6ded254a077fb1e8d85823361ee1c9d3bb668c4d7e33976cb4f029cba2346,exact_duplicate,suhas/Images/Healthy Wheat/04041.jpg,
Healthy,suhas,suhas,Images/Healthy Wheat/10171.jpg,e891eb89d57611a05d8a5428d645b049b558ba4fa6cf9c63c3ef5455390ead20,exact_duplicate,suhas/Images/Healthy Wheat/04051.jpg,
Healthy,suhas,suhas,Images/Healthy Wheat/10181.jpg,2193c68f960326799775d35683459047c426f6b2f269a98c1340e893dbe382fa,exact_duplicate,suhas/Images/Healthy Wheat/04061.jpg,
Healthy,suhas,suhas,Images/Healthy Wheat/10191.jpg,7791e12c03cf5afc3c1b10aed9634cf6c3001d1f434827a1a24c8a0c30446bb4,exact_duplicate,suhas/Images/Healthy Wheat/04071.jpg,
Healthy,suhas,suhas,Images/Healthy Wheat/10201.jpg,72c332c695482086e781d30f6026888a0ae90e2c2dbc9ff39246b8d8b914aca8,exact_duplicate,suhas/Images/Healthy Wheat/04081.jpg,
Healthy,suhas,suhas,Images/Healthy Wheat/10211.jpg,7ac64a622037aec9d8444f0045cf1fab33b0d28aa7ad208b0c62bd1b5b59a3f4,exact_duplicate,suhas/Images/Healthy Wheat/04091.jpg,
Healthy,suhas,suhas,Images/Healthy Wheat/10221.jpg,38c26d526d9d0034035d44c1fbc8077ccd432537791c2eca182b571731dcf977,exact_duplicate,suhas/Images/Healthy Wheat/04101.jpg,
Healthy,suhas,suhas,Images/Healthy Wheat/10231.jpg,2763aaa96380df337e3dddf84e340002a8aa97b354641c45b7bcd9d1b6177de0,exact_duplicate,suhas/Images/Healthy Wheat/04111.jpg,
Healthy,suhas,suhas,Images/Healthy Wheat/10241.jpg,a3acecfd37edc0ef273d5e4f3cc20df2a87f7177e635cb2853dad96ca06e54a6,exact_duplicate,suhas/Images/Healthy Wheat/04121.jpg,
Healthy,suhas,suhas,Images/Healthy Wheat/10251.jpg,eb1a4c0f960364fa302f04cf5015798a13c1c795ca3658262a3e7160a5b5d720,exact_duplicate,suhas/Images/Healthy Wheat/04131.jpg,
Healthy,suhas,suhas,Images/Healthy Wheat/10261.jpg,20527e199d1510c8494de90c06a0e235db13380791730091651d7bef883307bd,exact_duplicate,suhas/Images/Healthy Wheat/04141.jpg,
Healthy,suhas,suhas,Images/Healthy Wheat/10271.jpg,f56d1cb9efe1e504c12cb1d178e743a321ad0b9bf8ca8cb309eea3125e4d9243,exact_duplicate,suhas/Images/Healthy Wheat/04151.jpg,
Healthy,suhas,suhas,Images/Healthy Wheat/10281.jpg,0c84a133f4e97e24f93b9fc3f8db8b4dd8946a85d15ebcd2c208860e00373a35,exact_duplicate,suhas/Images/Healthy Wheat/04161.jpg,
Healthy,suhas,suhas,Images/Healthy Wheat/10291.jpg,53a533be9264b83e9e1c0f570eba5bfc9652e3db10aac303df4c59b13b5bdaae,exact_duplicate,suhas/Images/Healthy Wheat/04171.jpg,
Healthy,suhas,suhas,Images/Healthy Wheat/10301.jpg,2cde00eb6b73d84d8becf721d7f64f29b3fc7a44300f2ad34c7cb7d568d0f435,exact_duplicate,suhas/Images/Healthy Wheat/04181.jpg,
Healthy,suhas,suhas,Images/Healthy Wheat/10311.jpg,0cbbf4ffa2570bcdd3332479fbe75e5c9e2a84ed3085047f47a6b8c016fc4482,exact_duplicate,suhas/Images/Healthy Wheat/04191.jpg,
Healthy,suhas,suhas,Images/Healthy Wheat/10321.jpg,8466337b6f9575a8d93ccdbb77e3e6a6290962bcce519401537b4ad404608fbe,exact_duplicate,suhas/Images/Healthy Wheat/04201.jpg,
Healthy,suhas,suhas,Images/Healthy Wheat/10331.jpg,60dcf78b22589b4dc69bb9e536c30533ef6f818077badf270b83afce7983a148,exact_duplicate,suhas/Images/Healthy Wheat/04211.jpg,
Healthy,suhas,suhas,Images/Healthy Wheat/10341.jpg,83ec12ce23b037bba4709cfd491f344b406398a6f3a5847b3f3a2fb5707cdab2,exact_duplicate,suhas/Images/Healthy Wheat/04221.jpg,
Healthy,suhas,suhas,Images/Healthy Wheat/10351.jpg,30bd79bca617b5b24a66b81f502e2fb0f430fe91f621a2026f8b88175439f9f3,exact_duplicate,suhas/Images/Healthy Wheat/04231.jpg,
Healthy,suhas,suhas,Images/Healthy Wheat/10361.jpg,47765682b2672b8867a3537ed88092f38785e2ce9140ea67910c2a427aba0977,exact_duplicate,suhas/Images/Healthy Wheat/04241.jpg,
Healthy,suhas,suhas,Images/Healthy Wheat/10371.jpg,cebbed949d5388704564dce5a4685775af476acc3dc2991d708e7771a0a04b2f,exact_duplicate,suhas/Images/Healthy Wheat/04251.jpg,
Healthy,suhas,suhas,Images/Healthy Wheat/10381.jpg,87c8cf08fca68aab2fa6a6e8ff05538951899b7b6ed74ff272d8280a75a469e1,exact_duplicate,suhas/Images/Healthy Wheat/04261.jpg,
Healthy,suhas,suhas,Images/Healthy Wheat/10391.jpg,77b49f86768863af52485f8544804dd889f7676f5e358d0d6a5ba67f7b84f81a,exact_duplicate,suhas/Images/Healthy Wheat/04271.jpg,
Healthy,suhas,suhas,Images/Healthy Wheat/10401.jpg,1b2871699c42626f8ba9fc6f3c4e59c739943a50040f08284668822dca2937ba,exact_duplicate,suhas/Images/Healthy Wheat/04341.jpg,
Healthy,suhas,suhas,Images/Healthy Wheat/10411.jpg,6b164a26d1a4a595bfc4fe87bef3378cc249ff13cdf21f18bf59e98fa3608626,exact_duplicate,suhas/Images/Healthy Wheat/04351.jpg,
Healthy,suhas,suhas,Images/Healthy Wheat/10421.jpg,a5bff8162e0e2d69a5bac1b01699be04d2063a2dc2e1db5a2b422ef36158c49a,exact_duplicate,suhas/Images/Healthy Wheat/04361.jpg,
Healthy,suhas,suhas,Images/Healthy Wheat/10431.jpg,f71e49205127f8f009669f96b9844b55650460dcb50d46131a9f3cee3ddaf86b,exact_duplicate,suhas/Images/Healthy Wheat/04371.jpg,
Healthy,suhas,suhas,Images/Healthy Wheat/10441.jpg,e55882502628f73b391c0207c8ae9f8a348b136403376b655acb5db89d3fb82f,exact_duplicate,suhas/Images/Healthy Wheat/04381.jpg,
Healthy,suhas,suhas,Images/Healthy Wheat/10451.jpg,72d906a4a2176192931e0d27d80e05e5ba814ece26debbda9764f833c73d869e,exact_duplicate,suhas/Images/Healthy Wheat/04391.jpg,
Healthy,suhas,suhas,Images/Healthy Wheat/10461.jpg,742dfbabd8d99e00d810ab5ce44e4caa76582d78c5303e92e8f88f43761268a4,exact_duplicate,suhas/Images/Healthy Wheat/04401.jpg,
Healthy,suhas,suhas,Images/Healthy Wheat/10471.jpg,4743c4c816b12ad2979d4aa96a04fac9d1418f7c741b7649547fc6c8a9477017,exact_duplicate,suhas/Images/Healthy Wheat/04411.jpg,
Healthy,suhas,suhas,Images/Healthy Wheat/10481.jpg,bd2a74adbfe5a817e9f578b4f2eec5e7dca507cb88a21a5151afd53d3b5827f8,exact_duplicate,suhas/Images/Healthy Wheat/04421.jpg,
Healthy,suhas,suhas,Images/Healthy Wheat/10491.jpg,f7dfa010a8bee6adcb284a9967d9b77ed37805441e050d684a537ca51075bbc7,exact_duplicate,suhas/Images/Healthy Wheat/04431.jpg,
Healthy,suhas,suhas,Images/Healthy Wheat/10501.jpg,f5d1162476af666ce095f6c94a88c6418d57b5ce3af4c7f6b9006f559a68bee1,exact_duplicate,suhas/Images/Healthy Wheat/04441.jpg,
Healthy,suhas,suhas,Images/Healthy Wheat/10511.jpg,be9559d5a8481d42bf583a852a3e1d2a50caa7d69b1664b4869319917cda4da3,exact_duplicate,suhas/Images/Healthy Wheat/04451.jpg,
Healthy,suhas,suhas,Images/Healthy Wheat/10521.jpg,eb6c5c499ae30e5b8880a6c969ca6e5ad61e983b3d60b4794409bca5a3644d06,exact_duplicate,suhas/Images/Healthy Wheat/04461.jpg,
Healthy,suhas,suhas,Images/Healthy Wheat/10531.jpg,0ee85dcab5d4d449d438a2913a0c99de19619b96ab06acca662a1c6897c64c3b,exact_duplicate,suhas/Images/Healthy Wheat/04471.jpg,
Healthy,suhas,suhas,Images/Healthy Wheat/10541.jpg,9057d69f5460127bbe5aeba8dde254d7d6e6cdf91b790cbf78ace00a92b5e77f,exact_duplicate,suhas/Images/Healthy Wheat/04481.jpg,
Healthy,suhas,suhas,Images/Healthy Wheat/10551.jpg,a1f5c5feef7c5b1cadd846ecec19d647142d130f9c2aa972fe3a4e8b5293432d,exact_duplicate,suhas/Images/Healthy Wheat/04491.jpg,
Healthy,suhas,suhas,Images/Healthy Wheat/10561.jpg,d593a76ea381b420fb6fa178935dc2df32ceebcd0ab6f53bc24759c9720c4654,exact_duplicate,suhas/Images/Healthy Wheat/04501.jpg,
Healthy,suhas,suhas,Images/Healthy Wheat/10571.jpg,1b654534ed4d488f0868259c017ddc5dc933dd2f190b5f3614db9aa8682f493d,exact_duplicate,suhas/Images/Healthy Wheat/04511.jpg,
Healthy,suhas,suhas,Images/Healthy Wheat/10581.jpg,6b48ec1f88cafe811a29f65b580624f5ba219826bf3f5b5b228c6b5273cb5c97,exact_duplicate,suhas/Images/Healthy Wheat/04521.jpg,
Healthy,suhas,suhas,Images/Healthy Wheat/10591.jpg,6e53032c3fa847dfc9030f1a7945d38fed6e961b06226074755e748018b89238,exact_duplicate,suhas/Images/Healthy Wheat/04531.jpg,
Healthy,suhas,suhas,Images/Healthy Wheat/10601.jpg,b92b291442e44ed1bc294925ff906c553601e53e3fcf222cba35742a2a8be019,exact_duplicate,suhas/Images/Healthy Wheat/04541.jpg,
Healthy,suhas,suhas,Images/Healthy Wheat/10611.jpg,a277f487a0c3b04eb052d64be8c4296a4c47ebb2f5212a9b35fbb2474500fd64,exact_duplicate,suhas/Images/Healthy Wheat/04551.jpg,
Healthy,suhas,suhas,Images/Healthy Wheat/10621.jpg,e98439754efcdf7bc2aa495df1956d19b9d17dead03fb43251640bfd67a9beff,exact_duplicate,suhas/Images/Healthy Wheat/04561.jpg,
Healthy,suhas,suhas,Images/Healthy Wheat/10631.jpg,7081de385ff8c9273a0952f57743c67f1fbb3449f8483c268491113bd3e02e25,exact_duplicate,suhas/Images/Healthy Wheat/04571.jpg,
Healthy,suhas,suhas,Images/Healthy Wheat/10641.jpg,495041d4e84118ba512ba07b93e964634051b8886e234272c5d33a17fb44ccac,exact_duplicate,suhas/Images/Healthy Wheat/04581.jpg,
Healthy,suhas,suhas,Images/Healthy Wheat/10651.jpg,3e76bda6f394f7907b44fa1caf1a80586dc55121757688b89df6b6a5f95dc0cf,exact_duplicate,suhas/Images/Healthy Wheat/04591.jpg,
Healthy,suhas,suhas,Images/Healthy Wheat/10661.jpg,c62356c5b9752db9911dec104de04948d1dd778bebb23957c68e2248b67793f9,exact_duplicate,suhas/Images/Healthy Wheat/04601.jpg,
Healthy,suhas,suhas,Images/Healthy Wheat/10671.jpg,686737a4249060e5d600f71c8325f021fab48e90a753bde8b06a149ee271a949,exact_duplicate,suhas/Images/Healthy Wheat/04611.jpg,
Healthy,suhas,suhas,Images/Healthy Wheat/10681.jpg,a83a55734b5b399ed0f4b9d8e051ea59e509ecb7eaa6e5d01955d7533e767e7a,exact_duplicate,suhas/Images/Healthy Wheat/04621.jpg,
Healthy,suhas,suhas,Images/Healthy Wheat/10691.jpg,58fb13ee59ea56221a41623232a9146b15860413355399351e5df4742eb788b1,exact_duplicate,suhas/Images/Healthy Wheat/04631.jpg,
Healthy,suhas,suhas,Images/Healthy Wheat/10701.jpg,613872c9f9136495d81db8ee8bc267ab5b15f87aed21b00ee21f5e898843fad1,exact_duplicate,suhas/Images/Healthy Wheat/04641.jpg,
Healthy,suhas,suhas,Images/Healthy Wheat/10711.jpg,248497b7bc5b777b06d7e928ba91595c8dc7f4f8f339d3d767bfb8e31456c120,exact_duplicate,suhas/Images/Healthy Wheat/04651.jpg,
Healthy,suhas,suhas,Images/Healthy Wheat/10721.jpg,7548b9f5350beb8510a2d3044d78cde78fe86daa785a598ff43270a5351960fa,exact_duplicate,suhas/Images/Healthy Wheat/04661.jpg,
Healthy,suhas,suhas,Images/Healthy Wheat/10731.jpg,68fc73b62f3d67044038c3a8bb73f12b17a6a0ec87b36ab54f997770cd21fb20,exact_duplicate,suhas/Images/Healthy Wheat/04671.jpg,
Healthy,suhas,suhas,Images/Healthy Wheat/10741.jpg,7ece7344a0254aeb398da785217d6ae4ff0cf93a1b07910d7bd071a405ddb11e,exact_duplicate,suhas/Images/Healthy Wheat/04681.jpg,
Healthy,suhas,suhas,Images/Healthy Wheat/10751.jpg,b705c42d827aa4828b0e249959e064925594dc64405fce1c0d32a11bc603c4f2,exact_duplicate,suhas/Images/Healthy Wheat/04691.jpg,
Healthy,suhas,suhas,Images/Healthy Wheat/10761.jpg,2802f7e797cd7c51ae50325808282dcedd6841ce797871d674370a9d23945341,exact_duplicate,suhas/Images/Healthy Wheat/04701.jpg,
Healthy,suhas,suhas,Images/Healthy Wheat/10771.jpg,ea7e5db7058f321c229d34f38365c7c4467003f43a41727099dfc06f55e92bb1,exact_duplicate,suhas/Images/Healthy Wheat/04711.jpg,
Healthy,suhas,suhas,Images/Healthy Wheat/10781.jpg,a21e356a403de61637ccf97c6b0cb496b02bb3512397c32140dd56208321a67a,exact_duplicate,suhas/Images/Healthy Wheat/04721.jpg,
Healthy,suhas,suhas,Images/Healthy Wheat/10791.jpg,34bcb104948704dec0a469681a47dc0a8332d4d7d8c3d85c62cb14436bb211b4,exact_duplicate,suhas/Images/Healthy Wheat/04731.jpg,
Healthy,suhas,suhas,Images/Healthy Wheat/10801.jpg,03093802354ef23d314832bc8f2ee3ee43ab2155e14c6da53271170bbc27f392,exact_duplicate,suhas/Images/Healthy Wheat/04751.jpg,
Healthy,suhas,suhas,Images/Healthy Wheat/10811.jpg,924b3fce8a151a66bd38b6188d0a997ce8d8aa8849540513080b849f4ebf6a66,exact_duplicate,suhas/Images/Healthy Wheat/04761.jpg,
Healthy,suhas,suhas,Images/Healthy Wheat/10821.jpg,123ce74820dd0d6b5623b257c51c6f5f984db01e587203c98af4a693250e5414,exact_duplicate,suhas/Images/Healthy Wheat/04771.jpg,
Healthy,suhas,suhas,Images/Healthy Wheat/10831.jpg,f8173412211f31b9fff7a51aebbfc517af1888b457ea7d574aba9566405962be,exact_duplicate,suhas/Images/Healthy Wheat/04781.jpg,
Healthy,suhas,suhas,Images/Healthy Wheat/10841.jpg,8d9f5e724b5030b82d803658591ea01c0140726529d292cb6ee60c47b77c038d,exact_duplicate,suhas/Images/Healthy Wheat/04791.jpg,
Healthy,suhas,suhas,Images/Healthy Wheat/10851.jpg,587924656d68dd26f34557c5bba2c0b4d17152cbeea849017fc635ce32f00d16,exact_duplicate,suhas/Images/Healthy Wheat/04801.jpg,
Healthy,suhas,suhas,Images/Healthy Wheat/10861.jpg,7a91e22099baef85999beede87a33ceff3cc81b227060020bdbc654a9c42c9e3,exact_duplicate,suhas/Images/Healthy Wheat/04811.jpg,
Healthy,suhas,suhas,Images/Healthy Wheat/10871.jpg,9b3fbc8379967aa411c45ea5646ac2ef162abaac1ee6d71dc8f2ae75dec9edae,exact_duplicate,suhas/Images/Healthy Wheat/04821.jpg,
Healthy,suhas,suhas,Images/Healthy Wheat/10881.jpg,c4d7b3ee2e0abdc4e2b16977a8ee73d68dd7396e93d82c6e6911116e98734372,exact_duplicate,suhas/Images/Healthy Wheat/04831.jpg,
Healthy,suhas,suhas,Images/Healthy Wheat/10891.jpg,c822fb386affabbf6f5e2fbada8157db28874ddcdddc752d4d31d8cdee59cf8e,exact_duplicate,suhas/Images/Healthy Wheat/04841.jpg,
Healthy,suhas,suhas,Images/Healthy Wheat/10901.jpg,f3c705be4589d4dcae529733c9db5c6e4991f27db9cdb5fef75612e0e0d7dfc9,exact_duplicate,suhas/Images/Healthy Wheat/04851.jpg,
Healthy,suhas,suhas,Images/Healthy Wheat/10911.jpg,a49c6eb048b10206469b7f81dda9f3c96c3a8a09147eb71a538490d0c0e4928f,exact_duplicate,suhas/Images/Healthy Wheat/04861.jpg,
Healthy,suhas,suhas,Images/Healthy Wheat/10921.jpg,77a1247696443754e52808bf06ec9e633f1a8cc433c739e6a1a29050d07e8bfe,exact_duplicate,suhas/Images/Healthy Wheat/04871.jpg,
Healthy,suhas,suhas,Images/Healthy Wheat/10931.jpg,197b794a14e36a1a1b2db88f3d1b857dd665355248fe84b9f1cbbca318a17928,exact_duplicate,suhas/Images/Healthy Wheat/04881.jpg,
Healthy,suhas,suhas,Images/Healthy Wheat/10941.jpg,4aa59ef57d0a089e1cbad8a29ce781a10582194986a941190e7a9b151f187a33,exact_duplicate,suhas/Images/Healthy Wheat/04891.jpg,
Healthy,suhas,suhas,Images/Healthy Wheat/10951.jpg,2eee3c1600e232204b17a70d5997404d46b7b0a26f3b13626e4720aee5d16a99,exact_duplicate,suhas/Images/Healthy Wheat/04901.jpg,
Healthy,suhas,suhas,Images/Healthy Wheat/10961.jpg,9359cf2e1128fd3e1a5ed2811e22d4fc2447fee90dd905d3be526eab053a66f0,exact_duplicate,suhas/Images/Healthy Wheat/04911.jpg,
Healthy,suhas,suhas,Images/Healthy Wheat/10971.jpg,e9802ad14b97d4ccab2729b368666bc7747be128d3f33c5992a98bbe57e261d9,exact_duplicate,suhas/Images/Healthy Wheat/04921.jpg,
Healthy,suhas,suhas,Images/Healthy Wheat/10981.jpg,db95175e9abe9dde4744cc378b01aaa996448859ef471dcef11cd9f4b10239a8,exact_duplicate,suhas/Images/Healthy Wheat/04931.jpg,
Healthy,suhas,suhas,Images/Healthy Wheat/10991.jpg,7d535bbef59b5f2a131fb1f030a28768c4e0666745566580b19291b9ff8ba648,exact_duplicate,suhas/Images/Healthy Wheat/04941.jpg,
Healthy,suhas,suhas,Images/Healthy Wheat/11001.jpg,62b950c09f67ed250119526e6ae57bf4085056b2a8d3337d80ffc00fdc0af4b5,exact_duplicate,suhas/Images/Healthy Wheat/04951.jpg,
Healthy,suhas,suhas,Images/Healthy Wheat/11011.jpg,c5bb9c1fdf78c417eaed01be9a2da8f5fd376348240afdf7a2707bff382f554a,exact_duplicate,suhas/Images/Healthy Wheat/04961.jpg,
Healthy,suhas,suhas,Images/Healthy Wheat/11021.jpg,649507dd14308fa6b6d18c399fc5a226a4e5fd82ec2051294d742e5626fc5d2f,exact_duplicate,suhas/Images/Healthy Wheat/04971.jpg,
Healthy,suhas,suhas,Images/Healthy Wheat/11031.jpg,a64ed31186f8476aacbcac6d9e4a6b7a1203b850f863633cd854cb7dc0bde81c,exact_duplicate,suhas/Images/Healthy Wheat/04981.jpg,
Healthy,suhas,suhas,Images/Healthy Wheat/11041.jpg,6c6bbf4029ea4c7828072399443fa1f7b4bbe8cc4eb80e8459483304af63ccfd,exact_duplicate,suhas/Images/Healthy Wheat/04991.jpg,
Healthy,suhas,suhas,Images/Healthy Wheat/11051.jpg,1c0b66eb8a053b4846da8c0080eff9241bc54e4d186c5f80ef3fd42dcd75a3ac,exact_duplicate,suhas/Images/Healthy Wheat/05001.jpg,
Healthy,suhas,suhas,Images/Healthy Wheat/11061.jpg,e9b178b7e66b37d00b6f26c386ac41af32a6012b1ebf40646e9a0b6ebb51b2d1,exact_duplicate,suhas/Images/Healthy Wheat/05011.jpg,
Healthy,suhas,suhas,Images/Healthy Wheat/11071.jpg,f169cdead2bf317a65191a6f4ac5fa52cc90955439a477ef9c738309d31ec33c,exact_duplicate,suhas/Images/Healthy Wheat/05021.jpg,
Healthy,suhas,suhas,Images/Healthy Wheat/11081.jpg,d12741347e8ebf565f4bb73d0cd97f38b5ff78c38081e8306fe29b6b42554c7b,exact_duplicate,suhas/Images/Healthy Wheat/05031.jpg,
Healthy,suhas,suhas,Images/Healthy Wheat/11091.jpg,7dfc95c16da5ddf64b38c63b5dc5e93205bfa892c554272c4e0ebd06fe26cf88,exact_duplicate,suhas/Images/Healthy Wheat/05041.jpg,
Healthy,suhas,suhas,Images/Healthy Wheat/11101.jpg,316409297d05cf61df59cce71f2836dedea21a31ad0632ddff622efabf62fdcb,exact_duplicate,suhas/Images/Healthy Wheat/05051.jpg,
Healthy,suhas,suhas,Images/Healthy Wheat/11111.jpg,21d6dc75ef2eeb91c9f49fd31f36e891e2c3a37314b058135984b79707c0371e,exact_duplicate,suhas/Images/Healthy Wheat/05061.jpg,
Healthy,suhas,suhas,Images/Healthy Wheat/11121.jpg,4dca6e34347266f5c0a1c9c0721357019e7f812fc795d0b3661ba5927cad3656,exact_duplicate,suhas/Images/Healthy Wheat/05071.jpg,
Healthy,suhas,suhas,Images/Healthy Wheat/11131.jpg,71275d90587f31cde661371c5b08ea86a30e94a1a312fad88809d298797c9653,exact_duplicate,suhas/Images/Healthy Wheat/05081.jpg,
Healthy,suhas,suhas,Images/Healthy Wheat/11141.jpg,75d2f6ca8eb7bf7debe921d715479890e852ae6d19bc9d9bd04248fa8e4cf660,exact_duplicate,suhas/Images/Healthy Wheat/05091.jpg,
Healthy,suhas,suhas,Images/Healthy Wheat/11151.jpg,d3b96bee76445972acb7f615b4731dcc43e7f41b18fed1058c9d23554b00eb18,exact_duplicate,suhas/Images/Healthy Wheat/05101.jpg,
Healthy,suhas,suhas,Images/Healthy Wheat/11161.jpg,3c7bab50138a0efff03bd206f487c4086bdd4d7735a0c1c217dc0e610b701a31,exact_duplicate,suhas/Images/Healthy Wheat/05111.jpg,
Healthy,suhas,suhas,Images/Healthy Wheat/11171.jpg,9344e5e904331399b85c17007e93ff68543d2eeec7de06b245dad8370f4d941e,exact_duplicate,suhas/Images/Healthy Wheat/05121.jpg,
Healthy,suhas,suhas,Images/Healthy Wheat/11181.jpg,dd93678cf96e6a315fc7cd2cd4db2b37f89d744857053c47a30e8d730c41f02c,exact_duplicate,suhas/Images/Healthy Wheat/05131.jpg,
Healthy,suhas,suhas,Images/Healthy Wheat/11191.jpg,ff5be8684501845b3795f521a7ae4523d21a8414b6ac6759564213e98951c7a0,exact_duplicate,suhas/Images/Healthy Wheat/05141.jpg,
Healthy,suhas,suhas,Images/Healthy Wheat/11201.jpg,c0b6d907b7fbe4868398d1885cee2f51b817f014978a0104adb371a4f53f2d10,exact_duplicate,suhas/Images/Healthy Wheat/05161.jpg,
Healthy,suhas,suhas,Images/Healthy Wheat/11211.jpg,593e857fecf0b44c867801813a879e3ac5225246d2982d72846d049f045a11d6,exact_duplicate,suhas/Images/Healthy Wheat/05171.jpg,
Healthy,suhas,suhas,Images/Healthy Wheat/11221.jpg,65523deb93d4d6a3466ac735ac610115ef876d8a6e39ece1c3cd3c69bf712ef3,exact_duplicate,suhas/Images/Healthy Wheat/05181.jpg,
Healthy,suhas,suhas,Images/Healthy Wheat/11231.jpg,6098414c94e707c4d4907307e7798bf6cdd07141d9dd74c817ba82ceacc1a451,exact_duplicate,suhas/Images/Healthy Wheat/05191.jpg,
Healthy,suhas,suhas,Images/Healthy Wheat/11241.jpg,d06dcb73750ff435bb95f2f9db7259b2e3288c32f89a42f61ae98ac9f44840d8,exact_duplicate,suhas/Images/Healthy Wheat/05201.jpg,
Healthy,suhas,suhas,Images/Healthy Wheat/11251.jpg,efdc0a602e4cdc39ad5cade4f42b644f3db5135d3106551d14851c532720bc2c,exact_duplicate,suhas/Images/Healthy Wheat/05211.jpg,
Healthy,suhas,suhas,Images/Healthy Wheat/11261.jpg,af506407d9f253799ce563322e88a6316b7feee827c98a935b28ce8234a930d2,exact_duplicate,suhas/Images/Healthy Wheat/05221.jpg,
Healthy,suhas,suhas,Images/Healthy Wheat/11271.jpg,8ec9f22721af0cf138c672c47898571f56412b4d1158b4e3478581fbd8db6ba0,exact_duplicate,suhas/Images/Healthy Wheat/05231.jpg,
Healthy,suhas,suhas,Images/Healthy Wheat/11281.jpg,10f0486bc6db356b1683f890d82c1f1f1278d836129c4cf3ea656b497a8eaf2e,exact_duplicate,suhas/Images/Healthy Wheat/05241.jpg,
Healthy,suhas,suhas,Images/Healthy Wheat/11291.jpg,0ba5f92c775ade43af45bff6358bd2d0155e8913dc7d3e8a4b3b06af8c802ac1,exact_duplicate,suhas/Images/Healthy Wheat/05251.jpg,
Healthy,suhas,suhas,Images/Healthy Wheat/11301.jpg,458a27e40b2981045c05d1aa3bc81c699f050fed186ad1d2b74be95209b2c0ad,exact_duplicate,suhas/Images/Healthy Wheat/05261.jpg,
Healthy,suhas,suhas,Images/Healthy Wheat/11311.jpg,1453d1d871c0798259a2046d9f757af4758862e1749b0f24399789ae41f53445,exact_duplicate,suhas/Images/Healthy Wheat/05271.jpg,
Healthy,suhas,suhas,Images/Healthy Wheat/11321.jpg,ab983aa89d179cdf19a3b7796c3f0f7e8917c025e8748152b444417f23c7dcac,exact_duplicate,suhas/Images/Healthy Wheat/05281.jpg,
Healthy,suhas,suhas,Images/Healthy Wheat/11331.jpg,50e73c87be5885374be6b93c4334c952930b54ef29cb0965b046178ecdd61b91,exact_duplicate,suhas/Images/Healthy Wheat/05291.jpg,
Healthy,suhas,suhas,Images/Healthy Wheat/11341.jpg,aa340f6b990a8b97c948305e6ad478740b6ae7364d24c7065e7829f8aabc1852,exact_duplicate,suhas/Images/Healthy Wheat/05301.jpg,
Healthy,suhas,suhas,Images/Healthy Wheat/11351.jpg,4bb5587b5315dabc2cf4171bb1b398f9e4b7c9fa8935f4efc5f89e3c651e5a2f,exact_duplicate,suhas/Images/Healthy Wheat/05311.jpg,
Healthy,suhas,suhas,Images/Healthy Wheat/11361.jpg,9d29d833afffb7a811e6ebf5a9a6f80e035f28d7c3b4e4983f40cc91126f956b,exact_duplicate,suhas/Images/Healthy Wheat/05321.jpg,
Healthy,suhas,suhas,Images/Healthy Wheat/11371.jpg,ab31e362a56d57c3dec178272789caf2298fcda2a00acb4299cdde8c085d3364,exact_duplicate,suhas/Images/Healthy Wheat/05331.jpg,
Healthy,suhas,suhas,Images/Healthy Wheat/11381.jpg,c56f2912540424df5a0f1507d711580bb8ce179af01e54f17009bacde299a2fe,exact_duplicate,suhas/Images/Healthy Wheat/05341.jpg,
Healthy,suhas,suhas,Images/Healthy Wheat/11391.jpg,4c162e762bf5b459fc18435f64d8fab6b1ea066240044571a020d5de723ec85f,exact_duplicate,suhas/Images/Healthy Wheat/05351.jpg,
Healthy,suhas,suhas,Images/Healthy Wheat/11401.jpg,4e344739597a353b51f5c1e5e98854b95e4be9f29673ec86169da37268df95e9,exact_duplicate,suhas/Images/Healthy Wheat/05381.jpg,
Healthy,suhas,suhas,Images/Healthy Wheat/11411.jpg,c4cd8dda342ce1f8cda46601f4de61b0072ae83142f74032fa4d7e4926f048f8,exact_duplicate,suhas/Images/Healthy Wheat/05391.jpg,
Healthy,suhas,suhas,Images/Healthy Wheat/11421.jpg,d421b2b22784d48df23aa2c95b0a5e1010a30c8e41b91e7590bc39a5d9fda89a,exact_duplicate,suhas/Images/Healthy Wheat/05401.jpg,
Healthy,suhas,suhas,Images/Healthy Wheat/11431.jpg,bc730e56c3800215dd4500202a55bcb867b983f36a9ce590a51cd6518d37d237,exact_duplicate,suhas/Images/Healthy Wheat/05411.jpg,
Healthy,suhas,suhas,Images/Healthy Wheat/11441.jpg,678cf4c4b6d0ff8f6a30e3b4fc5aacf58b1553dea3b78af2a282ed935f8468f4,exact_duplicate,suhas/Images/Healthy Wheat/05421.jpg,
Healthy,suhas,suhas,Images/Healthy Wheat/11451.jpg,94af2c3309ef74100b1ec6e2d55316c6029ecb12f38076e368a1e49959676928,exact_duplicate,suhas/Images/Healthy Wheat/05431.jpg,
Healthy,suhas,suhas,Images/Healthy Wheat/11461.jpg,baa80a962e6cb03f1c2e9a28ea4951a09019eb64df7e7bb4949c587b9cfef6c8,exact_duplicate,suhas/Images/Healthy Wheat/05441.jpg,
Healthy,suhas,suhas,Images/Healthy Wheat/11471.jpg,66c70af1ae9880e1ac0a53e57151e137ce8c29780e1b68f7ca1bd10d5a62dde8,exact_duplicate,suhas/Images/Healthy Wheat/05451.jpg,
Healthy,suhas,suhas,Images/Healthy Wheat/11481.jpg,f9784e53a88a841139d193b26eee0787f6b3d29e72c7ddd94521a33e4092aca6,exact_duplicate,suhas/Images/Healthy Wheat/05461.jpg,
Healthy,suhas,suhas,Images/Healthy Wheat/11491.jpg,134de8fb00dcd2b116894ecfe073d80a07b2f6e9fa4f076628c8e13cd46d48c5,exact_duplicate,suhas/Images/Healthy Wheat/05481.jpg,
Healthy,suhas,suhas,Images/Healthy Wheat/11501.jpg,7475ac578da55e96e51008afb915903d9b428858a837322d3008d29956f2f0f0,exact_duplicate,suhas/Images/Healthy Wheat/05491.jpg,
Healthy,suhas,suhas,Images/Healthy Wheat/11511.jpg,5c2c5cb745bc57dddd598f2d63d292641123b22963a4694819e23b754325011a,exact_duplicate,suhas/Images/Healthy Wheat/05501.jpg,
Healthy,suhas,suhas,Images/Healthy Wheat/11521.jpg,c75cfe2b5c1d98a04d98a4a89fdb5288a63c7f5d3d61db66a8277f9566e610c3,exact_duplicate,suhas/Images/Healthy Wheat/05511.jpg,
Healthy,suhas,suhas,Images/Healthy Wheat/11531.jpg,cce2d62e58be7749daefe634d148d934ee8c7258ebde781748d66ad43ddfd643,exact_duplicate,suhas/Images/Healthy Wheat/05521.jpg,
Healthy,suhas,suhas,Images/Healthy Wheat/11541.jpg,19cd97867b5d3a8a8ed706e622b474c442df9ded1bd9ecc3299b166cba1315c5,exact_duplicate,suhas/Images/Healthy Wheat/05531.jpg,
Healthy,suhas,suhas,Images/Healthy Wheat/11551.jpg,981692e4331caa82dd5d679da5d4abbb88561dcbd5933e1f62d326e3cb15baa9,exact_duplicate,suhas/Images/Healthy Wheat/05541.jpg,
Healthy,suhas,suhas,Images/Healthy Wheat/11561.jpg,e9e77477f4ad0b328336c2489ee198093dadc7f9d36f8efcd7f51426a607d45e,exact_duplicate,suhas/Images/Healthy Wheat/05551.jpg,
Healthy,suhas,suhas,Images/Healthy Wheat/11571.jpg,24345dedbea4797849e7684da3c46d6153bf9ad740f26d3bef137cd84afda493,exact_duplicate,suhas/Images/Healthy Wheat/05561.jpg,
Healthy,suhas,suhas,Images/Healthy Wheat/11581.jpg,174a205d91a777ba28c296ea3578da52cc2833931b3ad224e10f2ad9f6eabdce,exact_duplicate,suhas/Images/Healthy Wheat/05571.jpg,
Healthy,suhas,suhas,Images/Healthy Wheat/11591.jpg,621e6405cdbe389dda9ccdd43ffcc4dd7ff8f7f48b02bdcf7e3eb4a2355846ce,exact_duplicate,suhas/Images/Healthy Wheat/05581.jpg,
Healthy,suhas,suhas,Images/Healthy Wheat/11601.jpg,30345033189e818629e564bcb7e9f2704e2d2458af83f8c64b657ada9423453e,exact_duplicate,suhas/Images/Healthy Wheat/05591.jpg,
Healthy,suhas,suhas,Images/Healthy Wheat/11611.jpg,4c20753349f397e69ca18904c5c1984f84301ce731c31644236d1c2682ff2b51,exact_duplicate,suhas/Images/Healthy Wheat/05601.jpg,
Healthy,suhas,suhas,Images/Healthy Wheat/11621.jpg,6e77e86934b49dfe2da2c8a515ceeb9a1b0539bfbdae20be082423de686ffd06,exact_duplicate,suhas/Images/Healthy Wheat/05611.jpg,
Healthy,suhas,suhas,Images/Healthy Wheat/11631.jpg,847e8f449aa8c6e4171c0060f48388670be58fcf50aabb936ec5e018f39f6513,exact_duplicate,suhas/Images/Healthy Wheat/05621.jpg,
Healthy,suhas,suhas,Images/Healthy Wheat/11641.jpg,4bb023be33cc73ca095480487847eb32b2174dac32d5199e011dc18c696bfe57,exact_duplicate,suhas/Images/Healthy Wheat/05631.jpg,
Healthy,suhas,suhas,Images/Healthy Wheat/11651.jpg,3f510698205f53ee3f9d5dacab6b008901ab8e4e3575d6f11761785b3cb9a825,exact_duplicate,suhas/Images/Healthy Wheat/05641.jpg,
Healthy,suhas,suhas,Images/Healthy Wheat/11661.jpg,2d5f4d7a3ee1d89ac851c3db3a988020f311fe00ad222e4a931f1dd3a807d240,exact_duplicate,suhas/Images/Healthy Wheat/05651.jpg,
Healthy,suhas,suhas,Images/Healthy Wheat/11671.jpg,4557bd5f24e1a3af567e92ebd4d00e2de4ae461e1648d821d82d97b3158174e4,exact_duplicate,suhas/Images/Healthy Wheat/05661.jpg,
Healthy,suhas,suhas,Images/Healthy Wheat/11681.jpg,3c4533985c8cb301fb1913f5acd3934d6e4d36bff6feb4319a27abc80b903eee,exact_duplicate,suhas/Images/Healthy Wheat/05671.jpg,
Healthy,suhas,suhas,Images/Healthy Wheat/11691.jpg,6abfcd997dd182cc97ffadb2d98946fbe799a2a6c6232aa5820ff71b20fc3f57,exact_duplicate,suhas/Images/Healthy Wheat/05681.jpg,
Healthy,suhas,suhas,Images/Healthy Wheat/11701.jpg,c1b24d60c923c71f5e85a9f719c91d1b3cf5d714b17942ec70a5f52f90967609,exact_duplicate,suhas/Images/Healthy Wheat/05691.jpg,
Healthy,suhas,suhas,Images/Healthy Wheat/11711.jpg,bf3cf3c93009901a73f78ee9624abd6adb5c172557dcc5dfe0ad68cf2555ac91,exact_duplicate,suhas/Images/Healthy Wheat/05701.jpg,
Healthy,suhas,suhas,Images/Healthy Wheat/11721.jpg,f272d9fc0ba80856284c47ed29433c805ef7f5af601be04d863b42784e0ff552,exact_duplicate,suhas/Images/Healthy Wheat/05711.jpg,
Healthy,suhas,suhas,Images/Healthy Wheat/11731.jpg,d06dfa82ebfed48df96cff50ec2ab6e9d64c0f6aa9363e71f5a0d734fe0d010f,exact_duplicate,suhas/Images/Healthy Wheat/05721.jpg,
Healthy,suhas,suhas,Images/Healthy Wheat/11741.jpg,218201533136401bb0953affda251a421d0b5784b5eac5a1f12928eba997f2f7,exact_duplicate,suhas/Images/Healthy Wheat/05731.jpg,
Healthy,suhas,suhas,Images/Healthy Wheat/11751.jpg,39eb57f5c3c90322bef246ba52d4f1b845835c1efb4adad8140c0f4567bb5918,exact_duplicate,suhas/Images/Healthy Wheat/05741.jpg,
Healthy,suhas,suhas,Images/Healthy Wheat/11761.jpg,a2a98c14da85c4ebe8000233b9d00d9a0892799d320bdd7a22081fa61793779f,exact_duplicate,suhas/Images/Healthy Wheat/05751.jpg,
Healthy,suhas,suhas,Images/Healthy Wheat/11771.jpg,f983bd08208a766b680b1e8a05b8963d635a898998b4444e16e151d2ab472999,exact_duplicate,suhas/Images/Healthy Wheat/05761.jpg,
Healthy,suhas,suhas,Images/Healthy Wheat/11781.jpg,6bf0b7d031f582d05b24c346501a58df5a13c02e1e59739da71bd04d036b8104,exact_duplicate,suhas/Images/Healthy Wheat/05771.jpg,
Healthy,suhas,suhas,Images/Healthy Wheat/11791.jpg,88c93c389eac8cdce667e4324dfbfb6f7d156fc58a81ff1791a037bfa9678cb5,exact_duplicate,suhas/Images/Healthy Wheat/05781.jpg,
Healthy,suhas,suhas,Images/Healthy Wheat/11801.jpg,489ebe66f488d40da7bbb2873158046076a5414dffc2d889628b5da826fb90c2,exact_duplicate,suhas/Images/Healthy Wheat/05791.jpg,
Healthy,suhas,suhas,Images/Healthy Wheat/11811.jpg,417143da80c47e0ca3629f4618b81bf7f4a1098821bd45bf13da705ef334373c,exact_duplicate,suhas/Images/Healthy Wheat/05801.jpg,
Healthy,suhas,suhas,Images/Healthy Wheat/11841.jpg,1a5ff0e09aa524cd64b55409484be4a227b3f0f25e9c895699c39c4a71ad44d4,exact_duplicate,suhas/Images/Healthy Wheat/05831.jpg,
Healthy,suhas,suhas,Images/Healthy Wheat/11851.jpg,b86c3502e50eab28214617fc140ed52fbb9730d31ad439ae80b8e6e44e070c04,exact_duplicate,suhas/Images/Healthy Wheat/05841.jpg,
Healthy,suhas,suhas,Images/Healthy Wheat/11861.jpg,27ee2633660bee25046bf6b14a013ff285e6eacd909634f19ed45084f0b2367a,exact_duplicate,suhas/Images/Healthy Wheat/05851.jpg,
Healthy,suhas,suhas,Images/Healthy Wheat/11871.jpg,f10c4f72d2fc2b1df30c6bec62acd9f4902b534519a761fff2f6c19e383e4dac,exact_duplicate,suhas/Images/Healthy Wheat/05861.jpg,
Healthy,suhas,suhas,Images/Healthy Wheat/11891.jpg,7c5c7b44f8016db7e7b5d7db67c73902896271491276680fd1fa52f7f03e8e71,exact_duplicate,suhas/Images/Healthy Wheat/05881.jpg,
Healthy,suhas,suhas,Images/Healthy Wheat/11901.jpg,4ea6ec387a9039610f1e08035d5c03407dc56a618e577da86e83d19827336c49,exact_duplicate,suhas/Images/Healthy Wheat/05891.jpg,
Healthy,suhas,suhas,Images/Healthy Wheat/11911.jpg,7d56e9987139d1770b42b92cfb47964a822d21471dc6a766c607444fd0519a83,exact_duplicate,suhas/Images/Healthy Wheat/05901.jpg,
Healthy,suhas,suhas,Images/Healthy Wheat/11921.jpg,0ac78e0c98b0def0f6db15e1060b5db52fc18f6ee4933da86640c95cb3dadc70,exact_duplicate,suhas/Images/Healthy Wheat/05911.jpg,
Healthy,suhas,suhas,Images/Healthy Wheat/11951.jpg,5102a21fab64223356221836e32e33abca34474a56806686c7fb154da9ba6907,exact_duplicate,suhas/Images/Healthy Wheat/05941.jpg,
Healthy,suhas,suhas,Images/Healthy Wheat/11961.jpg,7d56e9987139d1770b42b92cfb47964a822d21471dc6a766c607444fd0519a83,exact_duplicate,suhas/Images/Healthy Wheat/05901.jpg,
Healthy,suhas,suhas,Images/Healthy Wheat/11991.jpg,dd6d600c27702376e9613eab7ee392817459528c3b40413b55bdec0fc399bfc4,exact_duplicate,suhas/Images/Healthy Wheat/01431.jpg,
Healthy,suhas,suhas,Images/Healthy Wheat/12031.jpg,533b6a6c5157da9f05b344093d6522557466cbd2acb7d66051f3adab79cacfa3,exact_duplicate,suhas/Images/Healthy Wheat/06021.jpg,
Healthy,suhas,suhas,Images/Healthy Wheat/12051.jpg,58f0460bcb799eeca5f3c002402b9d8f5c5c7cfcd26cf724fa2a6b0cafe180dd,exact_duplicate,suhas/Images/Healthy Wheat/06041.jpg,
Healthy,suhas,suhas,Images/Healthy Wheat/12061.jpg,83e8fe634547664d8b6ac39ca1e9b609a6ad473c62dbfe2af4d528e3d23eceaa,exact_duplicate,suhas/Images/Healthy Wheat/06051.jpg,
Healthy,suhas,suhas,Images/Healthy Wheat/12071.jpg,2c1616c1651a31b0eb7c75c041d1821edc58bfe2de3e1cb0f3223c736efa7979,exact_duplicate,suhas/Images/Healthy Wheat/06061.jpg,
Healthy,suhas,suhas,Images/Healthy Wheat/12081.jpg,da7838557299d724e4147d9dc29f212033b597732af2d7d30fc3e362ee45c168,exact_duplicate,suhas/Images/Healthy Wheat/06071.jpg,
Healthy,suhas,suhas,Images/Healthy Wheat/12091.jpg,bb173ce3a2649c2d270beec4da2215a27abdc777432d763db96e88d00da7f664,exact_duplicate,suhas/Images/Healthy Wheat/06081.jpg,
Healthy,suhas,suhas,Images/Healthy Wheat/12101.jpg,237a8549c310422fa17345012e3a721862dbc571d0b314678187f377bcab474b,exact_duplicate,suhas/Images/Healthy Wheat/06101.jpg,
Healthy,suhas,suhas,Images/Healthy Wheat/12111.jpg,83e8fe634547664d8b6ac39ca1e9b609a6ad473c62dbfe2af4d528e3d23eceaa,exact_duplicate,suhas/Images/Healthy Wheat/06051.jpg,
Healthy,suhas,suhas,Images/Healthy Wheat/12131.jpg,c368f514ef56d6f453351178b1f154f9842eb1af7e583edc71a7621d18d9f1d0,exact_duplicate,suhas/Images/Healthy Wheat/06131.jpg,
Healthy,suhas,suhas,Images/Healthy Wheat/12141.jpg,06a23c26cf6b9d9e1a9bcc48b5b450d5a7d5832c4eff6529015bb3360e831178,exact_duplicate,suhas/Images/Healthy Wheat/06141.jpg,
Healthy,suhas,suhas,Images/Healthy Wheat/12181.jpg,06d88396978a1530012edf8c95fe1657ea2d30fd0a1dfc2c373c7b2d83153127,exact_duplicate,suhas/Images/Healthy Wheat/06181.jpg,
Healthy,suhas,suhas,Images/Healthy Wheat/12201.jpg,ea92094b985c73e15731de777093bbed1e57661a8e2dd088432344793e239cbf,exact_duplicate,suhas/Images/Healthy Wheat/06201.jpg,
Healthy,suhas,suhas,Images/Healthy Wheat/12211.jpg,9501d54080625c82a97fa65e9bfac2cceb7dfe99a1d3a0db3941b9be3c7294fd,exact_duplicate,suhas/Images/Healthy Wheat/06211.jpg,
Healthy,suhas,suhas,Images/Healthy Wheat/12231.jpg,0740899d16e34d3eaf04b5b73cda9df875238e0c14f701a48e100e71fc9afbf9,exact_duplicate,suhas/Images/Healthy Wheat/00561.jpg,
Healthy,suhas,suhas,Images/Healthy Wheat/12251.jpg,9350e3bbfffe2127ed53648c18a043ff23b18c176919ff029363df1747ecdbbc,exact_duplicate,suhas/Images/Healthy Wheat/06271.jpg,
Healthy,suhas,suhas,Images/Healthy Wheat/12271.jpg,2f62e43bbe1997a23557c30cc0217a60e73567ec913dd45eba2bbcad12e0eb74,exact_duplicate,suhas/Images/Healthy Wheat/06291.jpg,
Healthy,suhas,suhas,Images/Healthy Wheat/12281.jpg,d563b4ef060de62a569adfe21a82ca7f57c4fdf74917491427a79ad30edaecd2,exact_duplicate,suhas/Images/Healthy Wheat/06301.jpg,
Healthy,suhas,suhas,Images/Healthy Wheat/12291.jpg,bf9ba4e77582fc54b3674e71ce34d2ccb83936bfd4cec27679552be93cdc329a,exact_duplicate,suhas/Images/Healthy Wheat/06311.jpg,
Healthy,suhas,suhas,Images/Healthy Wheat/12301.jpg,6db864276f9df7a246e93204843bcf08426f38dacf90e11d0ca637e28dcab1fb,exact_duplicate,suhas/Images/Healthy Wheat/06321.jpg,
Healthy,suhas,suhas,Images/Healthy Wheat/12311.jpg,cc8cc5d0ed280c7c0771706b6a4e8d5230b4e810c4dd6237ca706464cffc9041,exact_duplicate,suhas/Images/Healthy Wheat/06331.jpg,
Healthy,suhas,suhas,Images/Healthy Wheat/12321.jpg,32796b6f5869fa3e5f8171b2cd5e80186a51311bc40684c4f0e719a5cdb4a582,exact_duplicate,suhas/Images/Healthy Wheat/06341.jpg,
Healthy,suhas,suhas,Images/Healthy Wheat/12331.jpg,bb346be440123397f30b96fc57d3ec786500bd7521c6311f58bf7d9d42c003e3,exact_duplicate,suhas/Images/Healthy Wheat/06351.jpg,
Healthy,suhas,suhas,Images/Healthy Wheat/12371.jpg,aee882401b387c41d55c8b237b93bb01733c8f365d867719256a4d033c7df00d,exact_duplicate,suhas/Images/Healthy Wheat/06391.jpg,
Healthy,suhas,suhas,Images/Healthy Wheat/12381.jpg,662c822212303e59d2be2f11237d2e72bd6b3edbc4f484811e7e9e829a17319d,exact_duplicate,suhas/Images/Healthy Wheat/00321.jpg,
Healthy,suhas,suhas,Images/Healthy Wheat/12401.jpg,484abcc4fab58791d7d67515c74ae9f02274512c1011fdf1698d2744197b2bbb,exact_duplicate,suhas/Images/Healthy Wheat/06461.jpg,
Healthy,suhas,suhas,Images/Healthy Wheat/12411.jpg,b7d692e82c14b65981ae01060ff4f855a3c2065b0ae567ebb0d15b479c60d3fa,exact_duplicate,suhas/Images/Healthy Wheat/06471.jpg,
Healthy,suhas,suhas,Images/Healthy Wheat/12421.jpg,70050fbf82e4c65b0447c372301afaa4b88cfae8ae075948491870073e7b2df2,exact_duplicate,suhas/Images/Healthy Wheat/06481.jpg,
Healthy,suhas,suhas,Images/Healthy Wheat/12431.jpg,d129cfa2987bda1dd27a49a4d0334de16f373d28be28cd6821d04594c92ef9fb,exact_duplicate,suhas/Images/Healthy Wheat/06491.jpg,
Healthy,suhas,suhas,Images/Healthy Wheat/12451.jpg,bb346be440123397f30b96fc57d3ec786500bd7521c6311f58bf7d9d42c003e3,exact_duplicate,suhas/Images/Healthy Wheat/06351.jpg,
Healthy,suhas,suhas,Images/Healthy Wheat/12471.jpg,a057785c0c9b64d5929322f74212616a2747d67acb3b1a324f3cdba59d865e45,exact_duplicate,suhas/Images/Healthy Wheat/06531.jpg,
Healthy,suhas,suhas,Images/Healthy Wheat/12481.jpg,2feed6c81a797d85a7c93feb48da94349c1c1f632c05b3cb5007558e2ae04b66,exact_duplicate,suhas/Images/Healthy Wheat/06541.jpg,
Healthy,suhas,suhas,Images/Healthy Wheat/12491.jpg,83f00a6a9c180292c241e65fc4dcadec82405bc35bab3a7ccc12a71673e3427f,exact_duplicate,suhas/Images/Healthy Wheat/06551.jpg,
Healthy,suhas,suhas,Images/Healthy Wheat/12501.jpg,93041210f5141b26ec9caa1086f09bf0e92b7d7a6f28f79409797fbac4528c3e,exact_duplicate,suhas/Images/Healthy Wheat/06561.jpg,
Healthy,suhas,suhas,Images/Healthy Wheat/12511.jpg,772e44ba46d64ec59b5381a0c88900fa419b4858b66d60296856b54312008b65,exact_duplicate,suhas/Images/Healthy Wheat/06571.jpg,
Healthy,suhas,suhas,Images/Healthy Wheat/12521.jpg,d926ab23feb6c8206a862bc1e1907cb5f5ee2ce9b20edfa126d7f5b692760427,exact_duplicate,suhas/Images/Healthy Wheat/06581.jpg,
Healthy,suhas,suhas,Images/Healthy Wheat/12531.jpg,3ee13604416e93dd1a9be5f698f156fc3ab8bd49248b4cbc260ed12832940eff,exact_duplicate,suhas/Images/Healthy Wheat/06591.jpg,
Healthy,suhas,suhas,Images/Healthy Wheat/12541.jpg,61c07faab8eb5e7eccb029b29234cdd9e51c10cd0b55920c74d292acda6db6df,exact_duplicate,suhas/Images/Healthy Wheat/06601.jpg,
Healthy,suhas,suhas,Images/Healthy Wheat/12551.jpg,98755124c6d5cff392d3b4e40046315c56583e6edbfaae1fdaf5093b35c6f7f1,exact_duplicate,suhas/Images/Healthy Wheat/06611.jpg,
Healthy,suhas,suhas,Images/Healthy Wheat/12561.jpg,8173f3b3c60b2622b1a1b4f2ba033eec288f3121b019d5cafe88ae69f27a00b6,exact_duplicate,suhas/Images/Healthy Wheat/06621.jpg,
Healthy,suhas,suhas,Images/Healthy Wheat/12571.jpg,117f3fdbeffdb7547633fa2a22c126e9ed4b30a0b2817aa0925ba23679457b20,exact_duplicate,suhas/Images/Healthy Wheat/06631.jpg,
Healthy,suhas,suhas,Images/Healthy Wheat/12581.jpg,0a72c7dd6140fbc6b475348b9c03b0f98d44c29b342a860bd5a2fb5ca2d0f20b,exact_duplicate,suhas/Images/Healthy Wheat/06641.jpg,
Healthy,suhas,suhas,Images/Healthy Wheat/12591.jpg,d62f1955f1c6f1bd36b95c31af98f13e2270e4d647880b57b66173d21ca8e168,exact_duplicate,suhas/Images/Healthy Wheat/06651.jpg,
Healthy,suhas,suhas,Images/Healthy Wheat/12601.png,713c31882332506b9a12527bc3e93d0d0e5f0d3ec6431766d42eba92317a7556,exact_duplicate,suhas/Images/Healthy Wheat/06661.png,
Healthy,suhas,suhas,Images/Healthy Wheat/12611.jpg,1cff3ba441399d2065387ddc29ad8e46bcf7a90faf306ae3b98379ec20d3f430,exact_duplicate,suhas/Images/Healthy Wheat/06671.jpg,
Healthy,suhas,suhas,Images/Healthy Wheat/12621.jpg,dbd8dfcbf3f83da520601ff976ce98207efc1737097ab8b68d2c8a1dc489a87d,exact_duplicate,suhas/Images/Healthy Wheat/06681.jpg,
Healthy,suhas,suhas,Images/Healthy Wheat/12631.jpg,9a0443948fd881394e70dd3431bfb454d48aaf92f2117d2a5bc9ab43c92370bf,exact_duplicate,suhas/Images/Healthy Wheat/06691.jpg,
Healthy,suhas,suhas,Images/Healthy Wheat/12641.jpg,97b6b14e1e8f4565ed1b21f27784aa45abf4f25bd9af8cea3edf75ede0cd94e4,exact_duplicate,suhas/Images/Healthy Wheat/06701.jpg,
Healthy,suhas,suhas,Images/Healthy Wheat/12651.jpg,27f7e5b46f46dc1d187d6a5e57935422a8c1cc5e7c1b69b8ecc35f1d61928b68,exact_duplicate,suhas/Images/Healthy Wheat/06711.jpg,
Healthy,suhas,suhas,Images/Healthy Wheat/12661.jpg,298ab3b9d2bc0a4268de5798d106012fe713ca5a2c5d27b7e95847b5163854c5,exact_duplicate,suhas/Images/Healthy Wheat/06721.jpg,
Healthy,suhas,suhas,Images/Healthy Wheat/12671.jpg,337ca39b6541c56fe4d94d4f1674fceb38b49762cc1f1097cfa9cebaa746f047,exact_duplicate,suhas/Images/Healthy Wheat/06731.jpg,
Healthy,suhas,suhas,Images/Healthy Wheat/12681.jpg,0d8a2393acc315653c664bf4563131b38c7029bb005f53ee54af10e36c3436dd,exact_duplicate,suhas/Images/Healthy Wheat/06741.jpg,
Healthy,suhas,suhas,Images/Healthy Wheat/12691.jpg,6764e2ced4660c2f986dc2dbd329760603203ea2c08262ed5cbdf301b8c53cfd,exact_duplicate,suhas/Images/Healthy Wheat/06751.jpg,
Healthy,suhas,suhas,Images/Healthy Wheat/12701.jpg,3b4a60e05860a21a25590491a092a4c154d5f1cb4b9d6d6c86dc53de03e02d8b,exact_duplicate,suhas/Images/Healthy Wheat/06761.jpg,
Healthy,suhas,suhas,Images/Healthy Wheat/12711.jpg,f10f3c48c402c215745a40f3d107b60035b38a8f4fdd589fa9f66ff6786ad2da,exact_duplicate,suhas/Images/Healthy Wheat/06771.jpg,
Healthy,suhas,suhas,Images/Healthy Wheat/12721.jpg,70db0c2ff610bba2eb2e5820771d3f996f37bc345bf14001bff4a20a1c2cca5b,exact_duplicate,suhas/Images/Healthy Wheat/06781.jpg,
Healthy,suhas,suhas,Images/Healthy Wheat/12731.jpg,d08acb0edff74d68e0b4689c3a62be039958ae99862e12813d9ff451ee999b53,exact_duplicate,suhas/Images/Healthy Wheat/06791.jpg,
Healthy,suhas,suhas,Images/Healthy Wheat/12741.jpg,da7838557299d724e4147d9dc29f212033b597732af2d7d30fc3e362ee45c168,exact_duplicate,suhas/Images/Healthy Wheat/06071.jpg,
Healthy,suhas,suhas,Images/Healthy Wheat/12751.jpg,02f8d185b315a871ba0fc33d34e782c83fc48deeaef72b9abbeefd79e82bed03,exact_duplicate,suhas/Images/Healthy Wheat/06811.jpg,
Healthy,suhas,suhas,Images/Healthy Wheat/12761.jpg,bb173ce3a2649c2d270beec4da2215a27abdc777432d763db96e88d00da7f664,exact_duplicate,suhas/Images/Healthy Wheat/06081.jpg,
Healthy,suhas,suhas,Images/Healthy Wheat/12771.jpg,6197f64689e91360912e905c39397e8e9fa9cf59d3d8756ac577fe3ffdba7cb1,exact_duplicate,suhas/Images/Healthy Wheat/06831.jpg,
Healthy,suhas,suhas,Images/Healthy Wheat/12791.jpg,68a750687506a3f39778a9c50fdd42677441135f2e199a59255a1ac1409e74e7,exact_duplicate,suhas/Images/Healthy Wheat/01191.jpg,
Healthy,suhas,suhas,Images/Healthy Wheat/12801.jpg,5e09bec0a33f3fb587aab53e1cf70b020dcb0783301dc379b5bb054dd8152f4f,exact_duplicate,suhas/Images/Healthy Wheat/06861.jpg,
Brown Rust,suhas,suhas,Images/Leaf Rust/00341.jpg,78822b01bb2af310c055f8ef38a947657691f6974e94a1b3baf24f527c71963c,external_test_overlap,,near match (distance 0) of external ext_06.webp
Brown Rust,suhas,suhas,Images/Leaf Rust/01211.jpg,a5eed9eeddc0f283d0150793f47eedbdb362decd3f67b83d3cce071e7a0f7d1a,external_test_overlap,,near match (distance 2) of external ext_03.jpg
Brown Rust,suhas,suhas,Images/Leaf Rust/02701.jpeg,b3ca380d491dd4f95c5130675af06bc794c461636aff9927fe4e4a1f6442a8cb,external_test_overlap,,exact match of external ext_03.jpg
Brown Rust,suhas,suhas,Images/Leaf Rust/02711.jpeg,25454ebc6f9213ff88b015eed8756c66dfdd3444047eecfbb95601a96fb6a8a1,external_test_overlap,,near match (distance 0) of external ext_06.webp
Brown Rust,suhas,suhas,Images/Leaf Rust/02881.jpeg,f5d640d3e40b96dcdc754d0467c75bb1078b75972b21bcf5ab64ddb618325b0e,external_test_overlap,,near match (distance 2) of external ext_01.jpg
Brown Rust,suhas,suhas,Images/Leaf Rust/03581.jpg,836d882c337ceeb98220b6947ed130cd8711c9fba910fc889f89048c1fa5cfaf,external_test_overlap,,near match (distance 0) of external ext_04.jpg
Brown Rust,suhas,suhas,Images/Leaf Rust/03731.jpg,2d351e6fb78fdd96efd5ee7755cb06d007c2d9a409a13d777e0eb27c758e9709,external_test_overlap,,near match (distance 0) of external ext_07.jpg
Brown Rust,suhas,suhas,Images/Leaf Rust/07771.jpg,af6d16031e2d6f0198845cb0272231c0df9d579e9cec1e4c837cdb5a1d56d72e,external_test_overlap,,near match (distance 0) of external ext_01.jpg
Brown Rust,suhas,suhas,Images/Leaf Rust/07821.jpg,de6f1c1570be5e4a02ae5dd6ab5d509a26b18a779338d33e081c9b3bcbad3e04,external_test_overlap,,near match (distance 2) of external ext_04.jpg
Brown Rust,mubashar,suhas,test/leaf_rust/0FX4J2.jpg,5625778cc54437db08dcf167a0c54037d5d7beb04808b334f813455491b2b3a7,near_duplicate_of_suhas,suhas/Images/Leaf Rust/00031.png,
Brown Rust,mubashar,suhas,test/leaf_rust/1ETABC.jpg,6759a1f62842d728ec90407f05dfeac4e0b7ef7cfdeb3783f9c25d9985df8bd5,near_duplicate_of_suhas,suhas/Images/Leaf Rust/00181.JPG,
Brown Rust,mubashar,suhas,test/leaf_rust/1G2K6F.jpg,d7153711e6050f5e54be09913c1b5c1508f8fa0422119a35b9636b29e946a7f6,near_duplicate_of_suhas,suhas/Images/Leaf Rust/00191.jpg,
Brown Rust,mubashar,suhas,test/leaf_rust/1JF4M4.jpg,f08d2f9e82f0218fd8c53f80af019d8d3ec00df30cd9e91e450b2a4c6d93a906,near_duplicate_of_suhas,suhas/Images/Leaf Rust/00221.jpg,
Brown Rust,mubashar,suhas,test/leaf_rust/2D0SXV.jpg,23e725c7acf421d20a7156a3864c35c8132a6e9d0585bfa2ee771dd2a602154f,near_duplicate_of_suhas,suhas/Images/Leaf Rust/00251.JPG,
Brown Rust,mubashar,suhas,test/leaf_rust/3J5833.jpg,628c59097007c548ad34191b3563df8c199c735f9008853f2576ef9f595ed72f,near_duplicate_of_suhas,suhas/Images/Leaf Rust/04151.jpg,
Brown Rust,mubashar,suhas,test/leaf_rust/4AGHVR.jpg,843434a8348e320c12d50164de7acd10672ea5e8445c73d61beffcc1cc77f35a,near_duplicate_of_suhas,suhas/Images/Leaf Rust/00481.jpg,
Brown Rust,mubashar,suhas,test/leaf_rust/507S26.jpg,a16ce1e328f547420f1779318ed3063c0c3bb95c985852f3d882b2ef92135834,near_duplicate_of_suhas,suhas/Images/Leaf Rust/00461.JPG,
Brown Rust,mubashar,suhas,test/leaf_rust/5HIOBT.jpg,efaad9cd73d90f705a785745aac98edaf26fbdbc7e38fb5bd28972d122ed5b15,near_duplicate_of_suhas,suhas/Images/Leaf Rust/00611.jpg,
Brown Rust,mubashar,suhas,test/leaf_rust/5QLT82.jpg,30ea808dc43af5a826a59672fe3c306c7113dd246e444c1c7d0cd3da0c0e8aed,near_duplicate_of_suhas,suhas/Images/Leaf Rust/00561.jpg,
Brown Rust,mubashar,suhas,test/leaf_rust/6BZC85.jpg,7a6609ea26488813e429cdd11c883333dcc626398cf0b974c819f216812b269a,near_duplicate_of_suhas,suhas/Images/Leaf Rust/00731.JPG,
Brown Rust,mubashar,suhas,test/leaf_rust/6Q646B.jpg,0dd426e3e174312317b0bf67a267092c5abce82dbd761c66d0e3b4fcf653a054,near_duplicate_of_suhas,suhas/Images/Leaf Rust/00801.jpg,
Brown Rust,mubashar,suhas,test/leaf_rust/7KMEN7.jpg,fbcedd8e202390e78b5c51c4f760c4fe8f970c9fa9fd91c0f62f9aa53ab43e7e,near_duplicate_of_suhas,suhas/Images/Leaf Rust/00841.jpg,
Brown Rust,mubashar,suhas,test/leaf_rust/AFUJHR.jpg,b8612b46b08c68178b1e7f4034d3be162e9f745e50984274e4781e8029ac77a9,near_duplicate_of_suhas,suhas/Images/Leaf Rust/01201.JPG,
Brown Rust,mubashar,suhas,test/leaf_rust/ANFXXI.jpg,3997893065ea1f22e02dbaf06c49407238b7df9de2fe5670fcccd1609547995c,near_duplicate_of_suhas,suhas/Images/Leaf Rust/04181.jpg,
Brown Rust,mubashar,suhas,test/leaf_rust/BH9GXF.jpg,4a185bd326ec64eb1fd2489e38c07ebf9df178fd9c46937fb9c56eb557ab1d53,near_duplicate_of_suhas,suhas/Images/Leaf Rust/01251.JPG,
Brown Rust,mubashar,suhas,test/leaf_rust/BUECLC.jpg,78e15a77bb493ce6d9c7af9c1f9d63f338935eb2acb11024521d40abb431e60a,near_duplicate_of_suhas,suhas/Images/Leaf Rust/01311.jpg,
Brown Rust,mubashar,suhas,test/leaf_rust/BX298Q.jpg,1fb03337478d52977f6a0c9d6eaf0eacf03fbe97ec4ca3fe3d8432f29c672b35,near_duplicate_of_suhas,suhas/Images/Leaf Rust/03121.jpg,
Brown Rust,mubashar,suhas,test/leaf_rust/C65MAC.jpg,33dfdefa732a9950ce73cf1a04ba7432879c2b70dd890a65b6d9c1186b7bc4b6,near_duplicate_of_suhas,suhas/Images/Leaf Rust/01351.jpg,
Brown Rust,mubashar,suhas,test/leaf_rust/CDGE8K.jpg,698f0711545efeeaa640caf7b67e1d035818466c9593206aac7a222809c9d387,near_duplicate_of_suhas,suhas/Images/Leaf Rust/01181.JPG,
Brown Rust,mubashar,suhas,test/leaf_rust/DY6IE7.jpg,057f091958e89944cbc7bf7774d9f56cceee31c686fe312265096954382ca7d8,near_duplicate_of_suhas,suhas/Images/Leaf Rust/04851.jpg,
Brown Rust,mubashar,suhas,test/leaf_rust/ESVFTK.jpg,89372fe7433fc187a99af6ab14021750c9d1ffffcebd76ab903bf61d909ee46a,near_duplicate_of_suhas,suhas/Images/Leaf Rust/01801.JPG,
Brown Rust,mubashar,suhas,test/leaf_rust/HH89SE.jpg,160eaa0180e832ed0cba1366c9c9167bb0224a27c40cbd24b02cc06b6adff461,near_duplicate_of_suhas,suhas/Images/Leaf Rust/02501.jpg,
Brown Rust,mubashar,suhas,test/leaf_rust/HK3PHP.jpg,4aaed9d05a2bb9213cb4601cbab4fefbfb50218816d605936d33615fe69166f4,near_duplicate_of_suhas,suhas/Images/Leaf Rust/01011.JPG,
Brown Rust,mubashar,suhas,test/leaf_rust/IBPWH7.jpg,b70699e6e3ff7014af38f98f83170fc3353a85ccbca3b8fe466fd0b142869f9a,near_duplicate_of_suhas,suhas/Images/Leaf Rust/02601.jpg,
Brown Rust,mubashar,suhas,test/leaf_rust/IEWYAC.jpg,70e94e93f078463287ecac0b6285fab83291e68fdcecca996a7f7229aa66b6c8,near_duplicate_of_suhas,suhas/Images/Leaf Rust/03751.jpg,
Brown Rust,mubashar,suhas,test/leaf_rust/IOVN1Z.jpg,7ff8dc64587dbbcfa3b52d0e993938d9b0b962c628bbf722a1559f38275edc75,near_duplicate_of_suhas,suhas/Images/Leaf Rust/05561.jpg,
Brown Rust,mubashar,suhas,test/leaf_rust/JRDHFM.jpg,d89a3652aea33b3b85497f4cf6924c0a532b5eb18240f4cb7cb0fa44edff531c,near_duplicate_of_suhas,suhas/Images/Leaf Rust/01141.JPG,
Brown Rust,mubashar,suhas,test/leaf_rust/LWJ8WJ.jpg,8e24f77e6283072e6fbe95b0fa154273f2beb790d04a2e251d2747d7f845c317,near_duplicate_of_suhas,suhas/Images/Leaf Rust/06031.jpg,
Brown Rust,mubashar,suhas,test/leaf_rust/N5VHOY.jpg,10749bd91a2bd380ab1789883ee067fad2b58ab9af3398e0ee2df0534b21e751,near_duplicate_of_suhas,suhas/Images/Leaf Rust/06311.jpg,
Brown Rust,mubashar,suhas,test/leaf_rust/Q22X4X.jpg,64b8269f72e9a536bf8571269e379a48889a44379545e62d2a75afe623be46e6,near_duplicate_of_suhas,suhas/Images/Leaf Rust/06671.jpg,
Brown Rust,mubashar,suhas,test/leaf_rust/R8QU8G.jpg,f543c0eec49d1c0b18994e0c408cd82b7de6068677063c06c8823b2fae092bf8,near_duplicate_of_suhas,suhas/Images/Leaf Rust/06861.JPG,
Brown Rust,mubashar,suhas,test/leaf_rust/RSZ63C.jpg,91d31b7766a67480b20789d9a1ea49b5bfbbc4b76a8c292a2ddfb09c2a3cd469,near_duplicate_of_suhas,suhas/Images/Leaf Rust/06911.JPG,
Brown Rust,mubashar,suhas,test/leaf_rust/RZCVJT.jpg,cb0896dd5a2c60a0d39f3d8092412b44486d638d37c19bfd1490bd678d4ba82b,near_duplicate_of_suhas,suhas/Images/Leaf Rust/07031.JPG,
Brown Rust,mubashar,suhas,test/leaf_rust/SL8C30.jpg,785582049b7c81d93d373fa3d765ab2832ab1c9255a531d1ab1ef49844ae5162,near_duplicate_of_suhas,suhas/Images/Leaf Rust/07101.jpg,
Brown Rust,mubashar,suhas,test/leaf_rust/U79ACG.jpg,d8e4d0eed6d3881b2b187aff6ca147919d25ec051c191aebe9e0c196dfe57a1a,near_duplicate_of_suhas,suhas/Images/Leaf Rust/03711.jpg,
Brown Rust,mubashar,suhas,test/leaf_rust/UTUIN4.jpg,2cf9cf72e4b5a41710a03aae48c377edee84087cbb43c74174a3994823f06ef2,near_duplicate_of_suhas,suhas/Images/Leaf Rust/06241.JPG,
Brown Rust,mubashar,suhas,test/leaf_rust/V35M9N.jpg,ede8e1f7ec66d4379df0a83a78a1d414a08aca87b8e05d6565115727eacc1260,near_duplicate_of_suhas,suhas/Images/Leaf Rust/02881.jpeg,
Brown Rust,mubashar,suhas,test/leaf_rust/VCBKV0.jpg,9e6ff87d44ac9d03cef77cf57de58c77c5cbf5a5472130687703917832a8c4de,near_duplicate_of_suhas,suhas/Images/Leaf Rust/03701.jpg,
Brown Rust,mubashar,suhas,test/leaf_rust/W6DPGR.jpg,0590ca11fb8eb6e60b9ba57a6ba542ebd9023856d2e3e743a5f69ad4a11d418e,near_duplicate_of_suhas,suhas/Images/Leaf Rust/06481.JPG,
Brown Rust,mubashar,suhas,test/leaf_rust/X34VGB.jpg,9d72330bd6743821e2505df8d631abb3fd3faf262ffabd10d0ca92cc103f6408,near_duplicate_of_suhas,suhas/Images/Leaf Rust/02871.jpeg,
Brown Rust,mubashar,suhas,test/leaf_rust/X557ND.jpg,6a33dec64e208c373f5a6931f40a21c306b1fd60ea5c97ddca2a1ef9c280f6f0,near_duplicate_of_suhas,suhas/Images/Leaf Rust/08801.jpg,
Brown Rust,mubashar,suhas,test/leaf_rust/XGQH0X.jpg,5196d6226306328e1f623569648f718f7c2a163c7b3475533d0f45bd644b7d43,near_duplicate_of_suhas,suhas/Images/Leaf Rust/08841.JPG,
Brown Rust,mubashar,suhas,test/leaf_rust/Y5F2K2.jpg,d4c98145f2fb3a844fa3c790a478acc79c632f421b0b2e81ee80ca3df92c5c83,near_duplicate_of_suhas,suhas/Images/Leaf Rust/03631.jpg,
Brown Rust,mubashar,suhas,test/leaf_rust/YNVMI7.jpg,7ff303333533f54f400135fc8b8bc5d7a7ffb1931b7c429f5334aef5c92f1f12,near_duplicate_of_suhas,suhas/Images/Leaf Rust/06381.jpg,
Brown Rust,mubashar,suhas,train/leaf_rust/03JUX3.jpg,5bad5e7245c910e4acec9b1f3b8bd9d2271c94f92d17be50de8e68a0561a9728,near_duplicate_of_suhas,suhas/Images/Leaf Rust/00011.jpg,
Brown Rust,mubashar,suhas,train/leaf_rust/0SFXM4.jpg,7583b5c7327d557ddc7a12833c934346717cf06895ec399dcd4d10833dbe898f,near_duplicate_of_suhas,suhas/Images/Leaf Rust/00041.jpg,
Brown Rust,mubashar,suhas,train/leaf_rust/0W9XLD.jpg,4f2ad48aee2e6e55fd870c59c51f077e82e3134c6f0536f18ae47d30a788605b,near_duplicate_of_suhas,suhas/Images/Leaf Rust/00051.JPG,
Brown Rust,mubashar,suhas,train/leaf_rust/0ZMQRS.jpg,efd7663caf13a4e35204aaefa6bf68627e8bb4cc9af2df83b18a7575f94f06f6,near_duplicate_of_suhas,suhas/Images/Leaf Rust/00061.jpg,
Brown Rust,mubashar,suhas,train/leaf_rust/10AFS6.jpg,9102e73d37aea8b8554821eb282b09ccf2a907d82be2dd6f45793cb0dd59bbb6,near_duplicate_of_suhas,suhas/Images/Leaf Rust/00071.jpg,
Brown Rust,mubashar,suhas,train/leaf_rust/1BN9TC.jpg,1f4ba2b4ff3333a1376b5c5c55f369ed7937159f1ca7eeab159e1c7903bbc420,near_duplicate_of_suhas,suhas/Images/Leaf Rust/00151.JPG,
Brown Rust,mubashar,suhas,train/leaf_rust/1EJACP.jpg,d4df019513b1e42646069272aa53e1a541b81dd17d24db4355842c2f7162090e,near_duplicate_of_suhas,suhas/Images/Leaf Rust/00171.JPG,
Brown Rust,mubashar,suhas,train/leaf_rust/1VGQWX.jpg,0113967d7803c854d08aaf1b742b446fd860e1c9c2ac8e85a6a159ca2bb3ef4e,near_duplicate_of_suhas,suhas/Images/Leaf Rust/00261.jpg,
Brown Rust,mubashar,suhas,train/leaf_rust/1Z2P44.jpg,2d9ce7543517089b75d5fb798e56b882f8ea706bb5b8919c9ba0cf11d4f672c6,near_duplicate_of_suhas,suhas/Images/Leaf Rust/00271.jpg,
Brown Rust,mubashar,suhas,train/leaf_rust/2EXVIL.jpg,d5ddaa8b33e586863156d17e3deb1ec4acd68c29bc8882a6005c169596210fb9,near_duplicate_of_suhas,suhas/Images/Leaf Rust/00341.jpg,
Brown Rust,mubashar,suhas,train/leaf_rust/2LNW3I.jpg,08c524c7d75bbda9628535d91ca83058c4fa0c3164d22b8c0d179741b271de86,near_duplicate_of_suhas,suhas/Images/Leaf Rust/00361.JPG,
Brown Rust,mubashar,suhas,train/leaf_rust/2SDHKR.jpg,e55281a499dfad3fc6a89a1ad06e73b97d59b24668ec8e12cd9cf390420785a2,near_duplicate_of_suhas,suhas/Images/Leaf Rust/03361.jpg,
Brown Rust,mubashar,suhas,train/leaf_rust/35K36X.jpg,006bdc72aa13ff4b4c1ec36fa7c389b152d33b2d83f3aaac88f203c2b98b1485,near_duplicate_of_suhas,suhas/Images/Leaf Rust/00411.jpg,
Brown Rust,mubashar,suhas,train/leaf_rust/392Z3F.jpg,36f35d9a5a9c185b8108ac709e3d261a827a112d6d456187475a255187c149ae,near_duplicate_of_suhas,suhas/Images/Leaf Rust/02441.jpg,
Brown Rust,mubashar,suhas,train/leaf_rust/3WPXWE.jpg,28fc80427c8a6f5c68a0cdb29d9d8ba4f61bf0d3bbfa79b5dcfac197932b3959,near_duplicate_of_suhas,suhas/Images/Leaf Rust/04871.jpg,
Brown Rust,mubashar,suhas,train/leaf_rust/3XB3N4.jpg,c3cb4a1b72c9a834266d9c58d9f7d9900c388cd3c51095d4b2df93975725f311,near_duplicate_of_suhas,suhas/Images/Leaf Rust/00451.JPG,
Brown Rust,mubashar,suhas,train/leaf_rust/46GW2Y.jpg,8dd0351aac37d497091efe95fab3707c9ade8863c8da3631ee98a9e864679ea0,near_duplicate_of_suhas,suhas/Images/Leaf Rust/00471.jpg,
Brown Rust,mubashar,suhas,train/leaf_rust/4CLEBJ.jpg,51092e6783794b98e00d4c0bb11337d82b82b03ac00e55f6c47e52855b1fd94a,near_duplicate_of_suhas,suhas/Images/Leaf Rust/00511.JPG,
Brown Rust,mubashar,suhas,train/leaf_rust/4NABU3.jpg,5787ee3156d75e5de8f3026b60d3d95948eebdf4a7bd38cbdf4b66386ce26982,near_duplicate_of_suhas,suhas/Images/Leaf Rust/00501.jpg,
Brown Rust,mubashar,suhas,train/leaf_rust/4XQEM2.jpg,93b074e87aa1989aff442566baf2a6da06647ab5daa4f9f65f17ef2f2e6e021a,near_duplicate_of_suhas,suhas/Images/Leaf Rust/04171.jpg,
Brown Rust,mubashar,suhas,train/leaf_rust/57O8CF.jpg,bde1e7671bedf11980a08954fb781eef51aac4918733ab2a85fb56862f044836,near_duplicate_of_suhas,suhas/Images/Leaf Rust/00571.jpg,
Brown Rust,mubashar,suhas,train/leaf_rust/5PNZRU.jpg,386283378c472d0818a42523f1d22b893e1e5d71c399d8860ec27ed35053ff41,near_duplicate_of_suhas,suhas/Images/Leaf Rust/02981.jpg,
Brown Rust,mubashar,suhas,train/leaf_rust/63TBD5.jpg,55dbfd9638f1c6b6d9c5efd048c7e194c79fd67c8f0e29ee1e517617625f3ff4,near_duplicate_of_suhas,suhas/Images/Leaf Rust/00651.jpg,
Brown Rust,mubashar,suhas,train/leaf_rust/6594KX.jpg,e665f50d6a04311e1c8490ebc187913e8162fe778353b2e0ff59e29cda8474a6,near_duplicate_of_suhas,suhas/Images/Leaf Rust/00701.JPG,
Brown Rust,mubashar,suhas,train/leaf_rust/6JRBHF.jpg,68bc4c3bcee35aaa63181d0fa18aa7ff7375138d32e4c203368d924929e5aa44,near_duplicate_of_suhas,suhas/Images/Leaf Rust/00711.jpg,
Brown Rust,mubashar,suhas,train/leaf_rust/6LDDZP.jpg,abb0fd86187055e779543f8bbce053ec3f372c1e4d2197ab5e33a166e504f70f,near_duplicate_of_suhas,suhas/Images/Leaf Rust/00771.JPG,
Brown Rust,mubashar,suhas,train/leaf_rust/6MCD3S.jpg,03e709ace8e71f783dab7c7c70ee3d0137f302b880ec42cd64540c0a796938ed,near_duplicate_of_suhas,suhas/Images/Leaf Rust/00781.png,
Brown Rust,mubashar,suhas,train/leaf_rust/6S29JV.jpg,2583ee2bdf226c7a1274517f5a05890af8cb4acfd45b9486e51cf75d492e62d1,near_duplicate_of_suhas,suhas/Images/Leaf Rust/00761.JPG,
Brown Rust,mubashar,suhas,train/leaf_rust/6XP8HI.jpg,8f3c99977592a47eaa645ab1ec68c59824cbefa4aefdf3f68e142d6c1e4786f5,near_duplicate_of_suhas,suhas/Images/Leaf Rust/00831.JPG,
Brown Rust,mubashar,suhas,train/leaf_rust/76FFDO.jpg,27801878f25f78ef2e058ae24a672ef5c5c0e83ea0b8bf1611e2a6378dadf574,near_duplicate_of_suhas,suhas/Images/Leaf Rust/00851.png,
Brown Rust,mubashar,suhas,train/leaf_rust/772Q9Y.jpg,092d83a9a2a057776ae7414416ff794211ce6d955da389b0f723b5df28f733bc,near_duplicate_of_suhas,suhas/Images/Leaf Rust/00871.jpg,
Brown Rust,mubashar,suhas,train/leaf_rust/7IIMFZ.jpg,7b03df4f6624c54cfd0e1c74d5885671e372d50a0dc089e9c4b606dc61a91143,near_duplicate_of_suhas,suhas/Images/Leaf Rust/04281.jpg,
Brown Rust,mubashar,suhas,train/leaf_rust/7KLUT5.jpg,9abbbbbde298c5785e5ea800d887ca3a1f38065c2514fcd5df82b058c51cb923,near_duplicate_of_suhas,suhas/Images/Leaf Rust/04831.jpg,
Brown Rust,mubashar,suhas,train/leaf_rust/7U06EV.jpg,2ac00548c0dcc4384a5f2cac6679c6359cbf9ae44e6ec60e8ae835a4029bf838,near_duplicate_of_suhas,suhas/Images/Leaf Rust/03941.jpg,
Brown Rust,mubashar,suhas,train/leaf_rust/7V5AZ4.jpg,9b8e2d8d93e101f88b2408b6defeac6ad0ae735ab796e5b0228e61c26b158954,near_duplicate_of_suhas,suhas/Images/Leaf Rust/09051.jpg,
Brown Rust,mubashar,suhas,train/leaf_rust/7ZK6AD.jpg,f50f23886f0bc0a88ed10df4f3dcddea6a8ab5946eb07a6e399c18ce46827499,near_duplicate_of_suhas,suhas/Images/Leaf Rust/00961.JPG,
Brown Rust,mubashar,suhas,train/leaf_rust/8Q4V5Y.jpg,bcdd6432d0c73ee4b2e46f481e99c7c8c6aa36f6957570058dd72194a9bc1625,near_duplicate_of_suhas,suhas/Images/Leaf Rust/00971.jpg,
Brown Rust,mubashar,suhas,train/leaf_rust/8XR87D.jpg,e028dc1d40c396cc2b173a75573e2b49f17571f413de24b23fe275014ae424e3,near_duplicate_of_suhas,suhas/Images/Leaf Rust/04871.jpg,
Brown Rust,mubashar,suhas,train/leaf_rust/8ZIQO3.jpg,1e77118737f532b905666fe7d7978a517a3f6d358b59a949e6c57191ebb878af,near_duplicate_of_suhas,suhas/Images/Leaf Rust/01001.JPG,
Brown Rust,mubashar,suhas,train/leaf_rust/93ML3M.jpg,e553df4cb8dc273db697e5166bb947789c7f200c67748fa8bbd704f3a4bf981b,near_duplicate_of_suhas,suhas/Images/Leaf Rust/01031.jpg,
Brown Rust,mubashar,suhas,train/leaf_rust/94FX3I.jpg,6d6d5dd5082f2c30dd3d5c9d02a6a96640d8e6eb74adab2b5623b668d98f2e4a,near_duplicate_of_suhas,suhas/Images/Leaf Rust/01041.jpg,
Brown Rust,mubashar,suhas,train/leaf_rust/9AEUF2.jpg,bf5d1ddb02670beff2ff09cf3b7ff91bf951e0a809acd2e5429c8db691a648bf,near_duplicate_of_suhas,suhas/Images/Leaf Rust/01051.jpg,
Brown Rust,mubashar,suhas,train/leaf_rust/9R24TP.jpg,dfe00f19e5297abdc16f6d5192d0e7568bf89f424b2f35bef07508363bcaedbb,near_duplicate_of_suhas,suhas/Images/Leaf Rust/01151.JPG,
Brown Rust,mubashar,suhas,train/leaf_rust/ABWB11.jpg,50778644a4676e797cf71cdc41bb9a1eaaf38fecdbb3375ebc904b733dc282ca,near_duplicate_of_suhas,suhas/Images/Leaf Rust/01171.jpg,
Brown Rust,mubashar,suhas,train/leaf_rust/AERDW6.jpg,4958a0ad01418ada6220245e43296962ba5f7e5a226723d2f30809b0f8dc2ba0,near_duplicate_of_suhas,suhas/Images/Leaf Rust/01101.jpg,
Brown Rust,mubashar,suhas,train/leaf_rust/B979CG.jpg,a02ed7794b9a3c69f5a539e4282280ef3dc5d21904d88f11ae10fddea771fd5a,near_duplicate_of_suhas,suhas/Images/Leaf Rust/01321.jpg,
Brown Rust,mubashar,suhas,train/leaf_rust/C6VM7G.jpg,ee0b5808f6042d8764bd28da463c25719d098eea3ff73ec3ade7455a3ce0579a,near_duplicate_of_suhas,suhas/Images/Leaf Rust/04521.jpg,
Brown Rust,mubashar,suhas,train/leaf_rust/CEVUE3.jpg,afb1276353ae7076801770679bcf109dbc2e804101dee10928ef101f01aad696,near_duplicate_of_suhas,suhas/Images/Leaf Rust/01541.jpg,
Brown Rust,mubashar,suhas,train/leaf_rust/CHY59U.jpg,126a5f6c46ac3518c5ab9d403af32b1c7eb839b30aa396a9166894ce5332fb03,near_duplicate_of_suhas,suhas/Images/Leaf Rust/01551.JPG,
Brown Rust,mubashar,suhas,train/leaf_rust/CV8N7R.jpg,9a95dacf70ab76ca2df41a009eadb868b499c8bf4ab5cb0c76f77279d13f8aa7,near_duplicate_of_suhas,suhas/Images/Leaf Rust/01561.jpg,
Brown Rust,mubashar,suhas,train/leaf_rust/D65OG9.jpg,cce64eb13350c3cb1a0fbdd874be9bcd04f12517f5f13b6818f16bb1504b6362,near_duplicate_of_suhas,suhas/Images/Leaf Rust/01731.JPG,
Brown Rust,mubashar,suhas,train/leaf_rust/DEHP6H.jpg,1b0476e4b2d8f41ca1c9e576be097ce9a4107c95594dc5937383ac7548f29869,near_duplicate_of_suhas,suhas/Images/Leaf Rust/01761.jpg,
Brown Rust,mubashar,suhas,train/leaf_rust/DHNL92.jpg,6a82e61a34ccb89f47fa638194c51dcf0ee1887a40d40872aa96fb949d541c82,near_duplicate_of_suhas,suhas/Images/Leaf Rust/01801.jpeg,
Brown Rust,mubashar,suhas,train/leaf_rust/DKXA9W.jpg,25e0fa180c462d0e37762cab2c055fd7d41225f3a262c7de2509f5e5889a76e4,near_duplicate_of_suhas,suhas/Images/Leaf Rust/01811.jpg,
Brown Rust,mubashar,suhas,train/leaf_rust/DM9JJ4.jpg,7e912b4bdf77f21641d3ca72eaeedc162f7d76aad03621ac94dec2a17b437a40,near_duplicate_of_suhas,suhas/Images/Leaf Rust/01831.jpg,
Brown Rust,mubashar,suhas,train/leaf_rust/DRJSUR.jpg,2ba56a2fbe6b1ac5d05516066d13c1531a9aecfa913d9a6accd50256c1d46385,near_duplicate_of_suhas,suhas/Images/Leaf Rust/01861.jpg,
Brown Rust,mubashar,suhas,train/leaf_rust/EGCJD3.jpg,a584166583fe04c9caf72658c9146bf9922f506cadf0be08e41fdfc1b35d2c98,near_duplicate_of_suhas,suhas/Images/Leaf Rust/00581.jpg,
Brown Rust,mubashar,suhas,train/leaf_rust/ESRNRH.jpg,acee43b8b3781e4224518a67781b063f0afc54ed2d9598f088b551d6f194d206,near_duplicate_of_suhas,suhas/Images/Leaf Rust/01791.JPG,
Brown Rust,mubashar,suhas,train/leaf_rust/F7B6FL.jpg,6ba93512d8df969f1a693211d332385accdf3896199df4559df66f8a2b570744,near_duplicate_of_suhas,suhas/Images/Leaf Rust/02031.jpeg,
Brown Rust,mubashar,suhas,train/leaf_rust/FGVWJ9.jpg,a64ac811d2f48e7537abac373175d3e66e521f7dd853df8083bb02c33a4a6494,near_duplicate_of_suhas,suhas/Images/Leaf Rust/03081.jpg,
Brown Rust,mubashar,suhas,train/leaf_rust/FQZI2R.jpg,2f7bac40a6be70910955ffefa2b81f7517abadf790afa7a027f842363f011be9,near_duplicate_of_suhas,suhas/Images/Leaf Rust/02061.jpg,
Brown Rust,mubashar,suhas,train/leaf_rust/G1ZQD1.jpg,7acb9e79f77a09225bc59d8d4230fb2a87ca165879a047bf65ca271610999424,near_duplicate_of_suhas,suhas/Images/Leaf Rust/02271.JPG,
Brown Rust,mubashar,suhas,train/leaf_rust/G7BN81.jpg,51d656f43fd3da742b0551a23866fca3623f8493dcf202edd747219e4a3f71e0,near_duplicate_of_suhas,suhas/Images/Leaf Rust/02111.jpg,
Brown Rust,mubashar,suhas,train/leaf_rust/G7IG7A.jpg,8761e31cfac68deb86908536006392484d6bc9b2c3f35241cbe8e1b0e04d505d,near_duplicate_of_suhas,suhas/Images/Leaf Rust/00131.jpg,
Brown Rust,mubashar,suhas,train/leaf_rust/GIYV8B.jpg,36fcbfd6edaca41583e50ac722a57d72bc13f95c1e266cdf1953dbdddc6905a0,near_duplicate_of_suhas,suhas/Images/Leaf Rust/03241.jpg,
Brown Rust,mubashar,suhas,train/leaf_rust/GM4WSG.jpg,5ebcb423aab3978d3a87ce5e34310ace4f71d0aa56f94eb45971da0b2aea76e3,near_duplicate_of_suhas,suhas/Images/Leaf Rust/02161.jpg,
Brown Rust,mubashar,suhas,train/leaf_rust/GNJ5MY.jpg,b2df90e7d679dbbb9a8d24387bd21925ae5004319349fdfef48968a9bcb8447d,near_duplicate_of_suhas,suhas/Images/Leaf Rust/02031.jpg,
Brown Rust,mubashar,suhas,train/leaf_rust/GR59IW.jpg,5e0061e5911500dc4ac90c63ba97a673412726ea7b12dae62b96071f5385ca56,near_duplicate_of_suhas,suhas/Images/Leaf Rust/02381.JPG,
Brown Rust,mubashar,suhas,train/leaf_rust/GTGORY.jpg,9463b1c4dc78f23193729ffe5ab00cc055da3e1ebc327ca058f2ebda2a0f3fc1,near_duplicate_of_suhas,suhas/Images/Leaf Rust/02221.jpg,
Brown Rust,mubashar,suhas,train/leaf_rust/GZ7ZQ9.jpg,43744366165be4c84fb8614867a950148945fb2b750a7d2dad59c89f896793c8,near_duplicate_of_suhas,suhas/Images/Leaf Rust/02441.jpg,
Brown Rust,mubashar,suhas,train/leaf_rust/GZQN3S.jpg,fea273b9eb39c81b057a4ce3c4524520b41ab7d688fd4c8794dfa202e0ed6b7a,near_duplicate_of_suhas,suhas/Images/Leaf Rust/02451.jpg,
Brown Rust,mubashar,suhas,train/leaf_rust/HDY3Q8.jpg,b44c3af35baf056cde5ccde189f5767355960309312ed2aa215180bea6d4a687,near_duplicate_of_suhas,suhas/Images/Leaf Rust/02481.jpg,
Brown Rust,mubashar,suhas,train/leaf_rust/HH7VUL.jpg,6f4fe480b8e849f8ce54421a3a3b89c2540c281c846849cc37e42a2eb5816e2d,near_duplicate_of_suhas,suhas/Images/Leaf Rust/02491.jpg,
Brown Rust,mubashar,suhas,train/leaf_rust/HN3EVU.jpg,3440838ba31e9babf21e07f8c633e15a6ba061b10e87ae6dea0dbb99371134fe,near_duplicate_of_suhas,suhas/Images/Leaf Rust/02791.jpeg,
Brown Rust,mubashar,suhas,train/leaf_rust/I11B5N.jpg,737630981a192500a02c56cd58a2a1f98971e8f2971ddc0a534bbed262cd9090,near_duplicate_of_suhas,suhas/Images/Leaf Rust/02561.jpg,
Brown Rust,mubashar,suhas,train/leaf_rust/I55RPY.jpg,9d33c727529ac4ad9bbdf540fc0a351654a9a7fd05feb9a09bf9050aa2ac2115,near_duplicate_of_suhas,suhas/Images/Leaf Rust/02571.JPG,
Brown Rust,mubashar,suhas,train/leaf_rust/I8HQGB.jpg,0f3402a4300a2a96ab257d0ab463daca3f84c008fc3e2326283c69f4694173a9,near_duplicate_of_suhas,suhas/Images/Leaf Rust/02581.jpg,
Brown Rust,mubashar,suhas,train/leaf_rust/IEZ5DW.jpg,f11f706048581f7f4bef89f325dc4a142b3daa605d90c66b9333da14284f5521,near_duplicate_of_suhas,suhas/Images/Leaf Rust/02641.jpg,
Brown Rust,mubashar,suhas,train/leaf_rust/IRVFRA.jpg,2c14fe29949ba557e708b51d7c1f419c2f2850d9aaea72389fd535c2a4a6ae6d,near_duplicate_of_suhas,suhas/Images/Leaf Rust/05581.JPG,
Brown Rust,mubashar,suhas,train/leaf_rust/IXRCZL.jpg,47d501fb5752f04358eb0c25c099e51ac081a54300b2e3ff2961277825f0f827,near_duplicate_of_suhas,suhas/Images/Leaf Rust/02751.jpg,
Brown Rust,mubashar,suhas,train/leaf_rust/JDOHI8.jpg,d1a250cf453ee204461c400d380746bfc6aaa7b4d5bf77e2cfaa18c00f20d5e9,near_duplicate_of_suhas,suhas/Images/Leaf Rust/05611.png,
Brown Rust,mubashar,suhas,train/leaf_rust/JHKU1U.jpg,3c53434643b144d290929b28a7a1de9614fe9132a52ff983f0420ca148d6c63e,near_duplicate_of_suhas,suhas/Images/Leaf Rust/05621.jpg,
Brown Rust,mubashar,suhas,train/leaf_rust/K2KIE8.jpg,279adda4ef6a85c9e134573cafb0a21432fbbf8e2d6a048e569978fee9702656,near_duplicate_of_suhas,suhas/Images/Leaf Rust/06661.png,
Brown Rust,mubashar,suhas,train/leaf_rust/K47X6B.jpg,bec6618c8a049829a437232d6e0fc65fce1c0a588a1a780790e73fc5394f0c12,near_duplicate_of_suhas,suhas/Images/Leaf Rust/02031.jpg,
Brown Rust,mubashar,suhas,train/leaf_rust/KBOWUM.jpg,580602a242eeaa9733013246561a2b972c15e667eacec4243da0de3bba3292a5,near_duplicate_of_suhas,suhas/Images/Leaf Rust/04311.jpg,
Brown Rust,mubashar,suhas,train/leaf_rust/KH2FYR.jpg,6df11531524c9d97c19f1ffaadd7d87131ed263a0ae291fc6dc71dcf4205ef5a,near_duplicate_of_suhas,suhas/Images/Leaf Rust/05721.jpg,
Brown Rust,mubashar,suhas,train/leaf_rust/KQF7CH.jpg,f327d3a2336a953f6d45ef55a38f45668f0146270ff9974e9cd7ce7599ad26c7,near_duplicate_of_suhas,suhas/Images/Leaf Rust/05731.jpg,
Brown Rust,mubashar,suhas,train/leaf_rust/KSXTB3.jpg,c625bdfbc555931f8ea73f81e7b2fde3dd4826c4e2fd14feae5e7d3f46a0cec8,near_duplicate_of_suhas,suhas/Images/Leaf Rust/05761.JPG,
Brown Rust,mubashar,suhas,train/leaf_rust/KX4NN0.jpg,4e75afe4fc14fe2d17192e88a5486f42f6ee597ee4befb32489fe9ce2c3f7c11,near_duplicate_of_suhas,suhas/Images/Leaf Rust/05771.jpg,
Brown Rust,mubashar,suhas,train/leaf_rust/LBIX7Q.jpg,195aaeabf07ff231386f9621bd0e11236c36e7507b1a934ac563cdce470ea15f,near_duplicate_of_suhas,suhas/Images/Leaf Rust/05801.jpg,
Brown Rust,mubashar,suhas,train/leaf_rust/LIJGDQ.jpg,c2716184957d31cf495e5a66376f58d46537a99bcd17cfe2749b3252b25c5b0f,near_duplicate_of_suhas,suhas/Images/Leaf Rust/05951.JPG,
Brown Rust,mubashar,suhas,train/leaf_rust/LJR49N.jpg,cd920bc046058365de5790ab44562e8e1d76932ff96f642caab7d3fef6d85671,near_duplicate_of_suhas,suhas/Images/Leaf Rust/05961.jpg,
Brown Rust,mubashar,suhas,train/leaf_rust/LLHLQN.jpg,dc8bdca3c6b6e4c8878bd0bdfb6c012ce07439ec4efbf0deac8f521ea6cdbd1b,near_duplicate_of_suhas,suhas/Images/Leaf Rust/03021.jpg,
Brown Rust,mubashar,suhas,train/leaf_rust/LW1FDD.jpg,28e99edfb2cb59bbd7bb42dc236ae3588f1e072cd752bcfb760c3160a8b9ae4b,near_duplicate_of_suhas,suhas/Images/Leaf Rust/03281.jpg,
Brown Rust,mubashar,suhas,train/leaf_rust/M6X1CL.jpg,66c0cba24bda80d275798bff6922eee492aa511c96fc6096381bf834cce2a84c,near_duplicate_of_suhas,suhas/Images/Leaf Rust/07891.jpg,
Brown Rust,mubashar,suhas,train/leaf_rust/MAPKID.jpg,def071881a8caeeb9ce0466475fd9e6869b0176b2fb60fce6cf6971128013d38,near_duplicate_of_suhas,suhas/Images/Leaf Rust/03651.jpg,
Brown Rust,mubashar,suhas,train/leaf_rust/MBR2HF.jpg,645a02596650a210f71e73b8b9cba593e29fb2de798cc3ef6f20a4c4329731de,near_duplicate_of_suhas,suhas/Images/Leaf Rust/06221.jpg,
Brown Rust,mubashar,suhas,train/leaf_rust/MDG5X6.jpg,e31033e117dc830cc50522b189f963c70b5a36c1fd1cf3fbb8e0a1e73ec5458c,near_duplicate_of_suhas,suhas/Images/Leaf Rust/06231.JPG,
Brown Rust,mubashar,suhas,train/leaf_rust/MYT9HK.jpg,44ae887456b17e2433f07d1c280d052fb8e88eeb825d7d7754bafa69a11079f0,near_duplicate_of_suhas,suhas/Images/Leaf Rust/06291.jpg,
Brown Rust,mubashar,suhas,train/leaf_rust/N08DX6.jpg,bb0a13278dd7e854fa5edcf807df0dc732d477028a455a435adc992eabe245f8,near_duplicate_of_suhas,suhas/Images/Leaf Rust/03061.jpg,
Brown Rust,mubashar,suhas,train/leaf_rust/N7CLD1.jpg,91632a662a83dce1b3c35cbe08a1a3184f522739b6540ed5b5f9c8408b797a7b,near_duplicate_of_suhas,suhas/Images/Leaf Rust/06321.jpg,
Brown Rust,mubashar,suhas,train/leaf_rust/N8IZHC.jpg,38f5f2b598cb649895c8e23b9be2257611080bc893516cf46d99e8df937ab5e6,near_duplicate_of_suhas,suhas/Images/Leaf Rust/06331.jpg,
Brown Rust,mubashar,suhas,train/leaf_rust/NA5H5U.jpg,42a25d11ece05f1901351928cf27fb603656f0cf3689e2c384c25c9e1763c01c,near_duplicate_of_suhas,suhas/Images/Leaf Rust/06351.jpg,
Brown Rust,mubashar,suhas,train/leaf_rust/NFHK6I.jpg,8e9a58c9836837c9a625e35301335002e4e45977202468e6fa15459a04d4e0b9,near_duplicate_of_suhas,suhas/Images/Leaf Rust/06361.jpg,
Brown Rust,mubashar,suhas,train/leaf_rust/NWYA7Q.jpg,af09d8aed0dac1d034124372d81b30e6910c31eca271e29ab6b30292187c208e,near_duplicate_of_suhas,suhas/Images/Leaf Rust/03961.jpg,
Brown Rust,mubashar,suhas,train/leaf_rust/O1CPO8.jpg,7c50a39043514d25f10f8e0de1df2d6d6ca392fb10d99d907aa2d06b915a7eb4,near_duplicate_of_suhas,suhas/Images/Leaf Rust/06411.jpg,
Brown Rust,mubashar,suhas,train/leaf_rust/OG4J15.jpg,78dce18729c5d3e45976d7071f83c9953fd2a3d6a78f19342fffdcf03be0aac8,near_duplicate_of_suhas,suhas/Images/Leaf Rust/02021.jpg,
Brown Rust,mubashar,suhas,train/leaf_rust/OLL4DP.jpg,eba4563347c8e7c3ae8d840dba7ad48c6b8cdf3caeee487ef1ced5ed81748df7,near_duplicate_of_suhas,suhas/Images/Leaf Rust/06431.jpg,
Brown Rust,mubashar,suhas,train/leaf_rust/OSGBUW.jpg,5750d27853338e7449fb3d3cbdc8c63c4049175bbd7e065c44c97a18144e6635,near_duplicate_of_suhas,suhas/Images/Leaf Rust/02751.jpeg,
Brown Rust,mubashar,suhas,train/leaf_rust/P6X49P.jpg,f4ffc9074264fd8c71a74998787121f5394bb8bd5cc9b3db9c12003621a3ad72,near_duplicate_of_suhas,suhas/Images/Leaf Rust/06511.jpg,
Brown Rust,mubashar,suhas,train/leaf_rust/P9362V.jpg,d87e743b320aeeaedb45d359369086162b38ddbb33d12070187d5a54b342861f,near_duplicate_of_suhas,suhas/Images/Leaf Rust/06521.JPG,
Brown Rust,mubashar,suhas,train/leaf_rust/PAO1SW.jpg,297b964a8ade3849b658c106bbe0f0500953ac354d62e0925c7c099c8a587a47,near_duplicate_of_suhas,suhas/Images/Leaf Rust/06531.jpg,
Brown Rust,mubashar,suhas,train/leaf_rust/PMDLCY.jpg,7f821bee3403eb5e4d24b20622de3bd3be06f88f576239de9b7c6b3a0968e092,near_duplicate_of_suhas,suhas/Images/Leaf Rust/02601.jpg,
Brown Rust,mubashar,suhas,train/leaf_rust/PYMK1M.jpg,30d57eb7f8271a3c4dad8215055cd48f3be280f429e90cd1411f90f86de0c11a,near_duplicate_of_suhas,suhas/Images/Leaf Rust/06661.png,
Brown Rust,mubashar,suhas,train/leaf_rust/Q3G3AG.jpg,3e89dcad8f73c3802e3137237fd5958c8eb7f0c3938d012cc04b45b8497b2086,near_duplicate_of_suhas,suhas/Images/Leaf Rust/06681.JPG,
Brown Rust,mubashar,suhas,train/leaf_rust/Q41XT0.jpg,7aa8d67cc74575bd7adedf3326017f741c668cf7f1926adb948bac3eaa1161f1,near_duplicate_of_suhas,suhas/Images/Leaf Rust/06691.JPG,
Brown Rust,mubashar,suhas,train/leaf_rust/Q7H6UZ.jpg,9ce9495479d103070444a134d4535096c5eb04e21fc40bd3960789dca74812cb,near_duplicate_of_suhas,suhas/Images/Leaf Rust/02981.jpg,
Brown Rust,mubashar,suhas,train/leaf_rust/QNDENX.jpg,ce6de333470a3816c82a9f1b659c9ed2daf43da44b7e7dde13752ddd5b837f74,near_duplicate_of_suhas,suhas/Images/Leaf Rust/06761.JPG,
Brown Rust,mubashar,suhas,train/leaf_rust/QR12E2.jpg,bd1072d3a04a2f7d5d52f23c5e62513503f68f41cec4d3aa54811e5ac1158695,near_duplicate_of_suhas,suhas/Images/Leaf Rust/06791.jpg,
Brown Rust,mubashar,suhas,train/leaf_rust/QWMIFP.jpg,6d08411514f7e6e299909b4670d5cb25ff5c025a471ff97ef4f5bc68deb1cd1a,near_duplicate_of_suhas,suhas/Images/Leaf Rust/06831.JPG,
Brown Rust,mubashar,suhas,train/leaf_rust/R4UZMJ.jpg,f366e2f938d2b57fe2768fd3fc9591cdf040e190632761fd019ed54cc4cc0451,near_duplicate_of_suhas,suhas/Images/Leaf Rust/06851.JPG,
Brown Rust,mubashar,suhas,train/leaf_rust/RDQF0Q.jpg,7111dc9c97554a736c4df525d456763d381a48f31eea105df583b5f7c6057424,near_duplicate_of_suhas,suhas/Images/Leaf Rust/06881.jpg,
Brown Rust,mubashar,suhas,train/leaf_rust/RNZSNN.jpg,727c3806ce28e903733ced4067b193afded9eeb0aa3ce6697ca800c3d86d208a,near_duplicate_of_suhas,suhas/Images/Leaf Rust/06891.jpg,
Brown Rust,mubashar,suhas,train/leaf_rust/RQXIWH.jpg,48cfaca59edd876a2bc0add93eda46c78b8d2a9260a3712b644da47d7baa251c,near_duplicate_of_suhas,suhas/Images/Leaf Rust/06901.jpg,
Brown Rust,mubashar,suhas,train/leaf_rust/RVYL61.jpg,36266070dbdcac02cecfda0fe9a05bed3ac6e79c782b6ccce7c9fdb32d5867c0,near_duplicate_of_suhas,suhas/Images/Leaf Rust/07021.jpg,
Brown Rust,mubashar,suhas,train/leaf_rust/SR3QZW.jpg,5a559d30db46ce7050b457ae4565a124e86870d5d12b1823b163e2919bf7c1b2,near_duplicate_of_suhas,suhas/Images/Leaf Rust/07141.jpg,
Brown Rust,mubashar,suhas,train/leaf_rust/SS98C9.jpg,86adc4d526942104f354f2371cb1ff941af4ee2d9c33daf3b504da78cef4aff7,near_duplicate_of_suhas,suhas/Images/Leaf Rust/07161.jpg,
Brown Rust,mubashar,suhas,train/leaf_rust/SVKFBF.jpg,f7c1fccc6cf170b89391a7310bffe59d2a4bb1e5a501781974960b4855ed8452,near_duplicate_of_suhas,suhas/Images/Leaf Rust/03191.jpg,
Brown Rust,mubashar,suhas,train/leaf_rust/SYFMCP.jpg,568f637b12cf4cc0d8d3de12ec6bb0dd34e13fe37b0b2f201c937e41a6a9d0ea,near_duplicate_of_suhas,suhas/Images/Leaf Rust/07281.jpg,
Brown Rust,mubashar,suhas,train/leaf_rust/T5VD54.jpg,1d3ed4156d0584841020a8c29df4ddb8e1205b5ceaee9768fd5db4c22a763830,near_duplicate_of_suhas,suhas/Images/Leaf Rust/04771.jpg,
Brown Rust,mubashar,suhas,train/leaf_rust/T5ZEMM.jpg,d4447e29bafd346ec55eb7120592d6ae3198d3698a8ae453a796fd00a0db5847,near_duplicate_of_suhas,suhas/Images/Leaf Rust/07481.jpg,
Brown Rust,mubashar,suhas,train/leaf_rust/TIZBDT.jpg,dbea8890c4b5104f211d0fe91bcc7179c8805cdbc8d37c2e815ad1e5e3900172,near_duplicate_of_suhas,suhas/Images/Leaf Rust/03631.jpg,
Brown Rust,mubashar,suhas,train/leaf_rust/TRRES0.jpg,07aae360c89569af02245274cae5da717e51947b6b086cab8ad6ad291cb1b999,near_duplicate_of_suhas,suhas/Images/Leaf Rust/03101.jpg,
Brown Rust,mubashar,suhas,train/leaf_rust/UIVUSB.jpg,f8eef0c44051c9f42da0fa1db1ee81e5ce20a5ebbeed1f4a41e9e30767b8588d,near_duplicate_of_suhas,suhas/Images/Leaf Rust/07541.jpg,
Brown Rust,mubashar,suhas,train/leaf_rust/VI0BFY.jpg,16baa53a063f6f53dadd95d2988937c573107734116052a9e357cd3a5a1a8f06,near_duplicate_of_suhas,suhas/Images/Leaf Rust/07621.jpg,
Brown Rust,mubashar,suhas,train/leaf_rust/VPWSN2.jpg,1a5a428ae6a35228eb88ca546ccb96ef81aae700abb9aa949a3018054de19e17,near_duplicate_of_suhas,suhas/Images/Leaf Rust/07631.jpg,
Brown Rust,mubashar,suhas,train/leaf_rust/VQGPO4.jpg,0535c35050489892d70f0ada7583a18f29c3ba1ea842c2f41f81c26cb70d39eb,near_duplicate_of_suhas,suhas/Images/Leaf Rust/07641.jpg,
Brown Rust,mubashar,suhas,train/leaf_rust/VXAJXV.jpg,caac668a2d834356fbf3a827f840d0f61feb68be6f76b73ef6654c8e484b5f19,near_duplicate_of_suhas,suhas/Images/Leaf Rust/07651.jpg,
Brown Rust,mubashar,suhas,train/leaf_rust/W4A95N.jpg,b123db58f66534d1dcfef3d09b47ec9d131c842af8a1cec65af4b83113458671,near_duplicate_of_suhas,suhas/Images/Leaf Rust/07701.jpg,
Brown Rust,mubashar,suhas,train/leaf_rust/WALGOP.jpg,1c797d84e639c77cfed0fea1716e59cc03d55e30a1eb3688642f6324f8ded422,near_duplicate_of_suhas,suhas/Images/Leaf Rust/04781.jpg,
Brown Rust,mubashar,suhas,train/leaf_rust/WESD5J.jpg,7d0f96815872381b43e59d40e34b0e4e479386442041dda853dd4b817b02fa0b,near_duplicate_of_suhas,suhas/Images/Leaf Rust/07751.JPG,
Brown Rust,mubashar,suhas,train/leaf_rust/WJN651.jpg,03146303e38ec01a6041827414b89416dbc4e6a8f48a64b9e8ea230bdbd9d404,near_duplicate_of_suhas,suhas/Images/Leaf Rust/08731.JPG,
Brown Rust,mubashar,suhas,train/leaf_rust/WPT39P.jpg,4dc84c3157f17bea001f52eb8696b83dfa7e463ca65e8734bfabc3d5bfda514e,near_duplicate_of_suhas,suhas/Images/Leaf Rust/08761.JPG,
Brown Rust,mubashar,suhas,train/leaf_rust/WRCRVM.jpg,71177b1ba742a39985599d2014fc0e272977bfae1fb2b655384fa2222578ffc0,near_duplicate_of_suhas,suhas/Images/Leaf Rust/01271.jpg,
Brown Rust,mubashar,suhas,train/leaf_rust/XG2I75.jpg,0313e31f80e7756d0a71742725f7303c4f77200b1272fe4080d5fa9164fb6ce3,near_duplicate_of_suhas,suhas/Images/Leaf Rust/08831.JPG,
Brown Rust,mubashar,suhas,train/leaf_rust/XL21K8.jpg,0425636ca30463c67e6cd1848dd724ac62c393eff8e4c7d79ea0649e0f6d653c,near_duplicate_of_suhas,suhas/Images/Leaf Rust/08871.JPG,
Brown Rust,mubashar,suhas,train/leaf_rust/XLM65F.jpg,7065476d75b1b9c57349d4da862986791aa56024dcf85e394d7950814adf9f99,near_duplicate_of_suhas,suhas/Images/Leaf Rust/08901.jpg,
Brown Rust,mubashar,suhas,train/leaf_rust/XMR977.jpg,5f5b13f281b42316366131ea6e03d656bb9ce7122b23623d0cabe18754c8d340,near_duplicate_of_suhas,suhas/Images/Leaf Rust/08911.jpg,
Brown Rust,mubashar,suhas,train/leaf_rust/Y5CD5T.jpg,a7bcd7d872fb756e0bed1b292ba38d233b41f5f71ea64b9f08cb66fff242b276,near_duplicate_of_suhas,suhas/Images/Leaf Rust/01441.jpg,
Brown Rust,mubashar,suhas,train/leaf_rust/Z2L2AO.jpg,728454657b812ceff174b3b6e897103bc2a80600f7f40cb38aad95807adb8bf0,near_duplicate_of_suhas,suhas/Images/Leaf Rust/09031.jpg,
Brown Rust,mubashar,suhas,train/leaf_rust/ZGSC2J.jpg,87eb3d1c33172d1e55916c13379670b4799879f3d3a922791fb9c6a93e4df966,near_duplicate_of_suhas,suhas/Images/Leaf Rust/09051.jpg,
Brown Rust,mubashar,suhas,train/leaf_rust/ZKLSUX.jpg,b18bcb2ae71dabe812522961e97010f8cc5e64ab148ba95e71da7914fabcad0a,near_duplicate_of_suhas,suhas/Images/Leaf Rust/03341.jpg,
Brown Rust,mubashar,suhas,train/leaf_rust/ZRFMHE.jpg,e012f41e98743f228283399f42c32e93b429a0924fd4bf6241111a702af7c045,near_duplicate_of_suhas,suhas/Images/Leaf Rust/09081.jpg,
Brown Rust,mubashar,suhas,train/leaf_rust/ZX44PV.jpg,eb6380d9268301f85804e93cfd9ceb19ab2f4b9303f5c8b687934adbf7afda3e,near_duplicate_of_suhas,suhas/Images/Leaf Rust/03551.jpg,
Brown Rust,mubashar,suhas,train/leaf_rust/ZZ0S2X.jpg,e452012dfad3ea5acfe1a65a060cb1fb156bd35f29fd7f4046ad2e5fb848b628,near_duplicate_of_suhas,suhas/Images/Leaf Rust/09101.JPG,
Healthy,mubashar,suhas,test/healthy_wheat/2KS7HG.jpg,cdb3c3687b83db5714a06c4fe231080af11be1199de2e6ae10a32478afc59094,near_duplicate_of_suhas,suhas/Images/Healthy Wheat/00221.jpg,
Healthy,mubashar,suhas,test/healthy_wheat/341R1E.jpg,87482041e3fedf43dc74eebccdbe66ea3418a61981c51a444175b5e9d04e5a7a,near_duplicate_of_suhas,suhas/Images/Healthy Wheat/00301.jpg,
Healthy,mubashar,suhas,test/healthy_wheat/5WTM0W.jpg,ead56be344ed976de6f1cc2c5ee3d7d6cfd7ffe2ffdda900e414ee9e57e5f9d0,near_duplicate_of_suhas,suhas/Images/Healthy Wheat/00491.jpg,
Healthy,mubashar,suhas,test/healthy_wheat/6D89ME.jpg,13f5aa26606d620ca72752f502cbd0788a362df37b49adce55e8db2edf219d61,near_duplicate_of_suhas,suhas/Images/Healthy Wheat/00531.jpg,
Healthy,mubashar,suhas,test/healthy_wheat/6JXL0N.jpg,18905d25c4cb0e12220e715342b718d0b1f21077863ffa369c97f2a9b656191f,near_duplicate_of_suhas,suhas/Images/Healthy Wheat/00541.jpg,
Healthy,mubashar,suhas,test/healthy_wheat/6ZB3R6.jpg,7f3b2231e74ae5b0a520b7e16524dd4a975110af6161be680784710dfce2bc9b,near_duplicate_of_suhas,suhas/Images/Healthy Wheat/00561.jpg,
Healthy,mubashar,suhas,test/healthy_wheat/D55G9F.jpg,b084abdedaadf86f557d7243f599de97eb25b386b3e80a69273f8550b7a318bd,near_duplicate_of_suhas,suhas/Images/Healthy Wheat/00951.jpg,
Healthy,mubashar,suhas,test/healthy_wheat/FXWFGU.jpg,459db7cb8714373bd046e7e1c0eb3c96b415c0a348be342ebcf9259941f7543c,near_duplicate_of_suhas,suhas/Images/Healthy Wheat/01201.jpg,
Healthy,mubashar,suhas,test/healthy_wheat/GKK6S3.jpg,8b58772ca2aa06be96f9d76827d7a2195a0c089e878daaea4781acb0a882b58d,near_duplicate_of_suhas,suhas/Images/Healthy Wheat/03171.jpg,
Healthy,mubashar,suhas,test/healthy_wheat/H75C3Z.jpg,b5d4bfaa092ffa8bdd63eb854c2542307b135f4844a5af7cfa8559ae92189d31,near_duplicate_of_suhas,suhas/Images/Healthy Wheat/01271.jpg,
Healthy,mubashar,suhas,test/healthy_wheat/JNFAO1.jpg,b674d783113b6aa92f95cb10b064f9277acbd439886d178fbd8fbd86f7b9cdbf,near_duplicate_of_suhas,suhas/Images/Healthy Wheat/05851.jpg,
Healthy,mubashar,suhas,test/healthy_wheat/LVJTB0.jpg,0ffd1fcacd3119d13d56433e6a8d82722d84d9461bc22cce6a6d371c448221e3,near_duplicate_of_suhas,suhas/Images/Healthy Wheat/05911.jpg,
Healthy,mubashar,suhas,test/healthy_wheat/PGA3WH.jpg,41e2d9333ebe0e84ac7cac1b3256f9326eca75864d9e7a5620f5651df8ddf991,near_duplicate_of_suhas,suhas/Images/Healthy Wheat/06061.jpg,
Healthy,mubashar,suhas,test/healthy_wheat/WKOFOG.jpg,098b5a781631f51bb8fbe532d9faa18c4d99fc8fb4a6ab52854fd609c2fd3f49,near_duplicate_of_suhas,suhas/Images/Healthy Wheat/06071.jpg,
Healthy,mubashar,suhas,test/healthy_wheat/WUAVW0.jpg,6a5d51f490c484b2f1c84e724047cc7007145b3d22048ab6d360b358173f6c5e,near_duplicate_of_suhas,suhas/Images/Healthy Wheat/06081.jpg,
Healthy,mubashar,suhas,test/healthy_wheat/ZB9CAK.jpg,fdfcffa8d5be6403358e2b9f1441c86480aa94589b0cfd27cc8cc922b6c32afb,near_duplicate_of_suhas,suhas/Images/Healthy Wheat/01191.jpg,
Healthy,mubashar,suhas,test/healthy_wheat/ZTXKZU.jpg,8c0b53b4418fac80800a2f52b454645b42d96f7969a8093caba5d4f0c0f6ff44,near_duplicate_of_suhas,suhas/Images/Healthy Wheat/06861.jpg,
Healthy,mubashar,suhas,train/healthy_wheat/0LBIWV.jpg,cd9bba0d972ef894efaa7a3aca57b283cc3303ed31b0f98cdb417bceecd8fc70,near_duplicate_of_suhas,suhas/Images/Healthy Wheat/00051.jpg,
Healthy,mubashar,suhas,train/healthy_wheat/0PFX47.jpg,ad094bfaf155b77b963108b8947e6c49b1029931b18df2406bafbd83afdb095b,near_duplicate_of_suhas,suhas/Images/Healthy Wheat/00071.jpg,
Healthy,mubashar,suhas,train/healthy_wheat/1NX3ZC.jpg,c0dc4e437145a1ffaa0c2242dcae05858d0100ebd4a7924b0d679cd272506d81,near_duplicate_of_suhas,suhas/Images/Healthy Wheat/00201.jpg,
Healthy,mubashar,suhas,train/healthy_wheat/3C82ZM.jpg,f88923cef7e21cebc64d4504bc1d15b608e3bb027cf0557ea83a5a17b2d309a0,near_duplicate_of_suhas,suhas/Images/Healthy Wheat/00311.jpg,
Healthy,mubashar,suhas,train/healthy_wheat/3FAKM2.jpg,3b5b4e992b98bce9df567dcd9bb03188b2f86d27d5db7fde8c22d1a29dae6191,near_duplicate_of_suhas,suhas/Images/Healthy Wheat/00321.jpg,
Healthy,mubashar,suhas,train/healthy_wheat/3GTKZJ.jpg,a5e5570bb695a21513f9a3a4ae1447050ca18964c6c2de795096d697152720aa,near_duplicate_of_suhas,suhas/Images/Healthy Wheat/02381.jpg,
Healthy,mubashar,suhas,train/healthy_wheat/3Q0E0P.jpg,d9673085269d32cbe4a6959979964e424d80a267b953115c74b8ff7f5f5fa8d9,near_duplicate_of_suhas,suhas/Images/Healthy Wheat/02371.jpg,
Healthy,mubashar,suhas,train/healthy_wheat/47NUVM.jpg,841ea924a9b812394c45aadac73bbcb8c195bcab3bfd600bd6295b46f0ce3ba7,near_duplicate_of_suhas,suhas/Images/Healthy Wheat/00381.jpg,
Healthy,mubashar,suhas,train/healthy_wheat/4YI63K.jpg,1d397ff9aaa8f31ac9e95fdc22049faa5646dca59f7ec3335b2231a78e6fc3b9,near_duplicate_of_suhas,suhas/Images/Healthy Wheat/00401.jpg,
Healthy,mubashar,suhas,train/healthy_wheat/5FSDEI.jpg,370029735d17d4f70a9cf1fc4f5ac9e6c935b46a45894e792e03fae6d97c85e8,near_duplicate_of_suhas,suhas/Images/Healthy Wheat/00471.jpg,
Healthy,mubashar,suhas,train/healthy_wheat/6BNDTJ.jpg,d313a5c5ac4d4c78bd94a72fafce722c2208a8bf1a71701401d44896eca243bb,near_duplicate_of_suhas,suhas/Images/Healthy Wheat/00521.jpg,
Healthy,mubashar,suhas,train/healthy_wheat/76FZWH.jpg,9680c15020f063f0f225d2058b1f6194924657638f8e5f7d3302c8c3bd9c14ab,near_duplicate_of_suhas,suhas/Images/Healthy Wheat/00611.jpg,
Healthy,mubashar,suhas,train/healthy_wheat/8HQY88.jpg,32bd2650822ce9a0c075a17e5e1ed5c5149c145f36baa5c7edb788b25f02e3c4,near_duplicate_of_suhas,suhas/Images/Healthy Wheat/00691.jpg,
Healthy,mubashar,suhas,train/healthy_wheat/8S36C7.jpg,c12c7559ab412f8f423eb193d34391cc15131a9a027565371ebd1b0cc4190a42,near_duplicate_of_suhas,suhas/Images/Healthy Wheat/00711.jpg,
Healthy,mubashar,suhas,train/healthy_wheat/A1U68I.jpg,8d5e06ef9595cc62b1f6543cfd505913b9ecb5627c1019fe403b2d617f08c88e,near_duplicate_of_suhas,suhas/Images/Healthy Wheat/00741.jpg,
Healthy,mubashar,suhas,train/healthy_wheat/AV7FQ8.jpg,a9d0674e6794cf64620863481b8531c29b3edc75fee62d7cad00e72c659e4b4b,near_duplicate_of_suhas,suhas/Images/Healthy Wheat/00791.jpg,
Healthy,mubashar,suhas,train/healthy_wheat/AZXBR9.jpg,81865be9d25e29882f650a173fbbda9c0ecaf09b2b4bd37371fae6bf70c11b5a,near_duplicate_of_suhas,suhas/Images/Healthy Wheat/00801.jpg,
Healthy,mubashar,suhas,train/healthy_wheat/C0KF9A.jpg,d86e87b68d447cd7696f48dff3676c3a9a2ca004168a5f554fd0dfb1df64a867,near_duplicate_of_suhas,suhas/Images/Healthy Wheat/00821.jpg,
Healthy,mubashar,suhas,train/healthy_wheat/C9IXFE.jpg,72ddb1f9e5c3b05bc3ce97db13220cfa29b10b2fc6d3851c59d976c82a4a3e45,near_duplicate_of_suhas,suhas/Images/Healthy Wheat/00851.jpg,
Healthy,mubashar,suhas,train/healthy_wheat/CQPOHG.jpg,c5f03151f02ab6b0e2b20f1cfcc29b95bd3404a2f60acd0dffe7da7b438aee6f,near_duplicate_of_suhas,suhas/Images/Healthy Wheat/00941.jpg,
Healthy,mubashar,suhas,train/healthy_wheat/DCYAQH.jpg,717aa988707c37ea95f0042b94ad0159e71609acf407c5ea3d85f3e2b54c157a,near_duplicate_of_suhas,suhas/Images/Healthy Wheat/00971.jpg,
Healthy,mubashar,suhas,train/healthy_wheat/E56FF6.jpg,89fd6fdad3d2810e82d926dc8b0b56f506fee2f6113c32f2a5047bc7409f9e6a,near_duplicate_of_suhas,suhas/Images/Healthy Wheat/01081.jpg,
Healthy,mubashar,suhas,train/healthy_wheat/E5HXTR.jpg,aa7d40130c4e1dc415a7e264dc0c77714bf7dc4edb5acdaa8210bc1cbdd9f181,near_duplicate_of_suhas,suhas/Images/Healthy Wheat/01091.jpg,
Healthy,mubashar,suhas,train/healthy_wheat/FC45DX.jpg,220ff03beea45961c0f694af04ed5fd8a2cd987cebc6f710ac841edd65ec7c2b,near_duplicate_of_suhas,suhas/Images/Healthy Wheat/01171.jpg,
Healthy,mubashar,suhas,train/healthy_wheat/FSES5U.jpg,c270e9f28f93d7859a3b3ce38edc6fe6ad89290acfd7d01fbd99972177d5056f,near_duplicate_of_suhas,suhas/Images/Healthy Wheat/01181.jpg,
Healthy,mubashar,suhas,train/healthy_wheat/HD6Z5L.jpg,bccff727308f5d652523465d8e6e143357a35b3b2211ed9f84e49fb6fa6f2914,near_duplicate_of_suhas,suhas/Images/Healthy Wheat/01301.jpg,
Healthy,mubashar,suhas,train/healthy_wheat/ICK7X2.jpg,07e3e991c2433871121c521dad20cd71788c0e11289c28e76ffe90ae1a990b91,near_duplicate_of_suhas,suhas/Images/Healthy Wheat/01431.jpg,
Healthy,mubashar,suhas,train/healthy_wheat/J1R9Z1.jpg,1976310f6fc585e0fda718b43e8796ddfe01a39c715d68a87a6cf17e52760796,near_duplicate_of_suhas,suhas/Images/Healthy Wheat/05831.jpg,
Healthy,mubashar,suhas,train/healthy_wheat/JC97RE.jpg,d2b77ed473ee19646b11e2ddc9e9bfd228167f02cc2beba25c7c29deda36af82,near_duplicate_of_suhas,suhas/Images/Healthy Wheat/05841.jpg,
Healthy,mubashar,suhas,train/healthy_wheat/JQ07E6.jpg,6ee5f0539078f53a2841af4ecac7fdddc0775261e063627f68e54dc31633ea1a,near_duplicate_of_suhas,suhas/Images/Healthy Wheat/05861.jpg,
Healthy,mubashar,suhas,train/healthy_wheat/K4BR5D.jpg,eed078e783d6127a8f69ef6b679abd08be5a212c6461b338224118a2496368e5,near_duplicate_of_suhas,suhas/Images/Healthy Wheat/05881.jpg,
Healthy,mubashar,suhas,train/healthy_wheat/K68ZMD.jpg,c2985921cba3ebc31788bf4f7b28b9e1ab5a664ef9bdc1cfeecc68601b4cd04d,near_duplicate_of_suhas,suhas/Images/Healthy Wheat/05891.jpg,
Healthy,mubashar,suhas,train/healthy_wheat/LKI9UG.jpg,99aeb33d9dcbeca166b7adbee5498782f3128d118114c2967f3e6ab43e8da1a3,near_duplicate_of_suhas,suhas/Images/Healthy Wheat/05901.jpg,
Healthy,mubashar,suhas,train/healthy_wheat/NH4TNJ.jpg,101f0afef125a2d7bf65587d3e1cec76b80c4f5159a47fb4600ae0291fd66bd2,near_duplicate_of_suhas,suhas/Images/Healthy Wheat/03971.jpg,
Healthy,mubashar,suhas,train/healthy_wheat/O9Y0Z8.jpg,2189fe796cdb277284f5bb8e045ecc17c1f35066d402a0f2986eb124bdc61115,near_duplicate_of_suhas,suhas/Images/Healthy Wheat/06021.jpg,
Healthy,mubashar,suhas,train/healthy_wheat/OMO7JG.jpg,c1b8c5d7e682a9f40cdb6b468d02965439223e833658f2995e614bf956058184,near_duplicate_of_suhas,suhas/Images/Healthy Wheat/06041.jpg,
Healthy,mubashar,suhas,train/healthy_wheat/OV44OF.jpg,ba76c440f98c741afe1dabba389c264705b567ea57c4be9d655993a9e0f7873a,near_duplicate_of_suhas,suhas/Images/Healthy Wheat/06051.jpg,
Healthy,mubashar,suhas,train/healthy_wheat/Q4FJSU.jpg,75c40fbc1cf67ae155d9cdf545911ff25e08bcb8b66be4b5d51614a819646392,near_duplicate_of_suhas,suhas/Images/Healthy Wheat/06101.jpg,
Healthy,mubashar,suhas,train/healthy_wheat/QJI3IC.jpg,84036434f899bd99a9dc215f31d1708fdecae45518fb6a32302384aae5dacb80,near_duplicate_of_suhas,suhas/Images/Healthy Wheat/06131.jpg,
Healthy,mubashar,suhas,train/healthy_wheat/QUBMQI.jpg,8dc049ade4ae37e85464223b945a83e8c06b4a9994b9a82bb76cff8b57600bec,near_duplicate_of_suhas,suhas/Images/Healthy Wheat/06141.jpg,
Healthy,mubashar,suhas,train/healthy_wheat/RFB2JA.jpg,d101b28772ae235ef8f2a85f7c291916995a67ed7e2c2aed1f9727d4c78d14f2,near_duplicate_of_suhas,suhas/Images/Healthy Wheat/06181.jpg,
Healthy,mubashar,suhas,train/healthy_wheat/SG6EGQ.jpg,61c946e92ac6d52f07b8807ba7c43621f9d63bd127136e2bf4bad89ffae986b1,near_duplicate_of_suhas,suhas/Images/Healthy Wheat/06201.jpg,
Healthy,mubashar,suhas,train/healthy_wheat/T7FPBO.jpg,7bf123981f58cc61cc326b15d613fd93694c2caca5767b5a8190ce4e037ab887,near_duplicate_of_suhas,suhas/Images/Healthy Wheat/06271.jpg,
Healthy,mubashar,suhas,train/healthy_wheat/TBI0WV.jpg,95f28007f350e7ec675836afc63551d3ef620f1c84b9dfaf9f4fdf16c8f9348c,near_duplicate_of_suhas,suhas/Images/Healthy Wheat/06301.jpg,
Healthy,mubashar,suhas,train/healthy_wheat/TG11GG.jpg,143fd041652cf7ed8da6078e000b15d64728bd8ba3fdb4614d27061c9db2ba11,near_duplicate_of_suhas,suhas/Images/Healthy Wheat/06311.jpg,
Healthy,mubashar,suhas,train/healthy_wheat/TT74SN.jpg,566268564e563acaaa8c77cfcf00daa696215c671f48c6bcb60eea49f977ade1,near_duplicate_of_suhas,suhas/Images/Healthy Wheat/06351.jpg,
Healthy,mubashar,suhas,train/healthy_wheat/UP8NAQ.jpg,4c1c8a52f475841b5c75ea108ed9c4cf806430db9c3b0d516696231be05e2171,near_duplicate_of_suhas,suhas/Images/Healthy Wheat/06461.jpg,
Healthy,mubashar,suhas,train/healthy_wheat/V1H2XE.jpg,326a6e2754a3242d4f4ddb9f98946c7e501b5e6993abfd7d5dc66fb0db0713e4,near_duplicate_of_suhas,suhas/Images/Healthy Wheat/06481.jpg,
Healthy,mubashar,suhas,train/healthy_wheat/V99L6E.jpg,d38cbd2a7979e38bb4e14dbd5ad451916449417e90e206c7644743a6a3ed1a10,near_duplicate_of_suhas,suhas/Images/Healthy Wheat/06491.jpg,
Healthy,mubashar,suhas,train/healthy_wheat/XTVZ0E.jpg,9c9a4a49bf2e3eec247fb948fbe06a04e84c9520cf88c8e47de7bfa261fb34d8,near_duplicate_of_suhas,suhas/Images/Healthy Wheat/06831.jpg,
